Mode,Category,Question,Answer,Ground Truth,Latency,Faithfulness,Answer Relevance
Graph Hybrid,Financial Analyst,2022년 11월 3일 임시주주총회에서 사외이사 허은녕과 유명희의 임명 또는 해임 여부와 그 영향은 무엇인가요?,"2022년 11월 3일 임시주주총회에서 사외이사 허은녕과 유명희의 임명 또는 해임 여부는 중요한 결정이었습니다. 허은녕은 2022년 3월 19일에 삼성전자의 외부 이사로 임명되었으나, 2022년 4월 20일에 사임한 후 2022년 11월 3일에 다시 재선출되었습니다. 이후 그는 2024년 3월 22일과 2025년 3월 25일에 다시 사임했습니다. 

유명희 또한 2022년 3월 19일에 삼성전자의 외부 이사로 임명되었으며, 이사회와 여러 위원회(내부거래위원회, 감사위원회, 사외이사후보추천위원회)의 일원으로 활동하고 있습니다. 

이 두 외부 이사의 임명 또는 해임은 삼성전자의 이사회 구성과 경영 전략에 직접적인 영향을 미칠 수 있습니다. 외부 이사는 회사의 독립성과 투명성을 높이는 역할을 하며, 이사회의 의사결정 과정에 중요한 기여를 합니다. 따라서 이들의 재선출은 삼성전자의 지속 가능한 경영과 관련된 전략적 결정에 긍정적인 영향을 미칠 것으로 예상됩니다. 

결론적으로, 2022년 11월 3일의 주주총회에서 허은녕과 유명희의 임명은 삼성전자의 이사회에 중요한 변화를 가져오고, 회사의 경영 방향에 영향을 미칠 수 있는 중요한 사안이었습니다.",제공된 자료에는 2022년 11월 3일 임시주주총회에서 사외이사 허은녕과 유명희에 관한 구체적인 내용이 포함되어 있지 않습니다. 따라서 이 날짜의 임시주주총회에서 이들의 임명 또는 해임 여부와 그 영향에 대한 정보는 확인할 수 없습니다.,33.24,0.4166666666666667,0.8108781711941934
Graph Hybrid,Financial Analyst,2024년 12월 31일 기준으로 삼성전자의 최대주주가 삼성생명보험㈜로 변경된 이유와 그 변동 과정은 어떻게 되나요?,"As of December 31, 2024, the largest shareholder of Samsung Electronics is Samsung Life Insurance Co., Ltd. However, the specific reasons for this change in ownership and the detailed process leading to this shift are not provided in the available information. 

It is noted that as of June 30, 2025, Samsung Life Insurance is expected to hold an 8.60% stake in Samsung Electronics, indicating a gradual increase in its shareholding. The summary mentions that there was an ownership change involving Samsung Life Insurance due to inheritance on April 29, 2021, but it does not elaborate on how this event directly influenced the change in the largest shareholder status by the end of 2024.

In summary, while it is confirmed that Samsung Life Insurance became the largest shareholder of Samsung Electronics by the end of 2024, the reasons and specific events that led to this change remain unclear based on the current knowledge graph data.",2021년 4월 29일에 기존 최대주주가 소유하던 삼성전자의 주식이 상속으로 인해 최대주주가 삼성생명보험㈜로 변동되었습니다. 이로 인해 2024년 12월 31일 기준 최대주주는 삼성생명보험㈜로 변경되었습니다.,31.9,0.6666666666666666,0.0
Graph Hybrid,Risk Manager,"마. 합병 등에 관한 사항이 사업 보고서에 어떻게 언급되어 있으며, 이와 관련된 잠재적 리스크는 무엇일까요?","사업 보고서에서는 삼성전자가 Harman International Industries를 인수함으로써 오디오 시장에서의 입지를 강화하고 있으며, 2025년 5월 7일에는 Masimo Corporation의 소비자 오디오 사업부문 인수 계약이 예정되어 있다고 언급하고 있습니다. 이러한 합병은 삼성전자가 오디오 시장에서의 점유율을 높이는 기회로 작용할 수 있습니다. 그러나, 각 지역의 경제적 불확실성과 경쟁사의 기술 발전은 잠재적 리스크 요소로 작용할 수 있습니다.

또한, 삼성전자는 2025년 반기말까지 230개의 연결대상 종속기업을 보유할 계획이라고 하며, 이는 합병 및 인수와 관련된 사항으로 해석될 수 있습니다. 잠재적 리스크로는 글로벌 시장에서의 경쟁 심화와 기술 혁신에 따른 사업 기회 확대가 있지만, 시장 변화에 따른 리스크 관리와 고객 협력 강화를 통해 수익성 개선이 필요하다는 점이 강조되고 있습니다. 

이 외에도, 삼성바이오로직스㈜가 Biogen Therapeutics Inc.와의 합작 투자에 관여하고 있으며, 이와 관련된 법적 분쟁이 회사의 재무 안정성에 위협이 될 수 있다는 점도 언급됩니다. 이러한 법적 문제는 합병 관련 활동에 간접적으로 영향을 미칠 수 있습니다. 

결론적으로, 삼성전자의 합병 및 인수 활동은 시장 점유율 확대의 기회를 제공하지만, 경제적 불확실성과 경쟁 심화, 법적 리스크 등 다양한 잠재적 리스크를 동반하고 있습니다.","2021년 중 종속기업 Viv Labs, Inc.는 종속기업 Samsung Research America, Inc (SRA)에 합병되었고, 종속기업 Prismview, LLC는 종속기업 Samsung Electronics America, Inc. (SEA)에 합병되었습니다. 또한, 2023년 중 종속기업 Samsung Display America Holdings, Inc. (SDAH)는 eMagin Corporation 지분을 인수하였습니다. 이러한 합병 및 지분 인수는 사업 보고서에 주요 사항으로 언급되어 있으며, 잠재적 리스크로는 합병 과정에서의 통합 문제, 지분 인수에 따른 재무적 부담, 그리고 관련 규제 문제 등이 고려될 수 있습니다. 자세한 내용은 'XII. 상세표'의 '1. 연결대상 종속회사 현황(상세)' 항목을 참고하시기 바랍니다.",40.58,1.0,0.0
Graph Hybrid,Risk Manager,최대주주 관련 사항이 뭐라고 잘못 쓰여 있을까?,"The information provided does not explicitly identify any errors regarding the largest shareholder (최대주주) of Samsung Electronics or its subsidiaries. It mentions that Samsung Electronics is strengthening its governance structure through changes in its largest shareholder, specifically noting that as of June 30, 2025, the shareholding ratio of Samsung Life Insurance, the largest shareholder, is 8.60%. However, the summaries from various communities indicate that they do not directly address the largest shareholder or related issues, which could lead to misunderstandings or oversights regarding their role.

In summary, while the information about the largest shareholder appears to be factually correct, the lack of explicit mention in some contexts may create confusion. If you are looking for specific details or issues related to the largest shareholder, those aspects are not thoroughly covered in the provided summaries.","최대주주 관련 사항에 대한 자세한 내용은 'VII. 주주에 관한 사항'을 참고하시기 바랍니다. 소유주식수 및 지분율은 최대주주 및 그 특수관계인의 합산 내역이며, 의결권 있는 주식(기타 법률에 의해 의결권 행사가 제한된 주식도 포함) 기준입니다. 또한, 2021년과 2023년 중에 종속기업의 사명이 변경된 사례도 포함되어 있습니다.",36.19,1.0,0.0
Graph Hybrid,Tech Investor,"종속기업 Viv Labs, Inc.의 현재 상태는 무엇입니까?","Viv Labs, Inc.는 2021년에 삼성 리서치 아메리카(Samsung Research America, Inc.)와 합병되었습니다. 현재 Viv Labs는 독립적인 기업으로 존재하지 않으며, 삼성 리서치 아메리카의 일부로 통합되었습니다.","2021년 중 종속기업 Viv Labs, Inc.는 종속기업 Samsung Research America, Inc (SRA)에 합병되었습니다.",33.94,1.0,0.8521663583451345
Graph Hybrid,Risk Manager,이 초고화소 기술 집약된 '아이소셀 HP2' 출시가 비즈니스 리스크에 어떤 영향을 미칠 수 있습니까?,"The launch of the high-resolution '아이소셀 HP2' technology is expected to have a multifaceted impact on Samsung Electronics' business risks. On one hand, the introduction of this innovative 200MP image sensor, which significantly enhances low-light sensitivity and image quality, could strengthen Samsung's competitive position in the premium smartphone market. This technological advancement may create new revenue streams and opportunities, particularly in sectors like autonomous driving and mobile devices, where high-quality imaging is increasingly in demand.

However, the competitive landscape in the image sensor market is intensifying. As more companies strive to differentiate their products with advanced features, the risk of market saturation and price wars may rise, particularly in the high-end segment. This could lead to increased business risks for Samsung, as the company must continuously innovate and diversify its product offerings to maintain its market share.

Moreover, while the '아이소셀 HP2' technology could enhance Samsung's product portfolio and attract more customers, it also necessitates effective risk management strategies. Factors such as currency fluctuations, supply chain instability, and the potential for intensified competition from rivals developing similar technologies could adversely affect the business environment surrounding the launch.

In summary, while the '아이소셀 HP2' launch presents significant opportunities for growth and market leadership, it also introduces various business risks that Samsung must navigate carefully to ensure sustained success in a competitive market.","경영활동과 관련된 중요한 사항의 발생 내용에 따르면, 2023년에 초고화소 기술 집약된 2억 화소 이미지센서 '아이소셀 HP2'가 출시되었습니다. 이와 관련된 잠재적 비즈니스 리스크는 제공된 컨텍스트 내에서 명확하게 언급되지 않았습니다.",55.6,1.0,0.0
Graph Hybrid,Risk Manager,2024.03.20 정기주총에서 사외이사 신제윤이 감사위원회 위원이 되는 것과 관련된 잠재적 리스크는 무엇입니까?,"신제윤이 2024년 3월 20일 정기주주총회에서 감사위원회 위원으로 임명되는 것과 관련된 잠재적 리스크는 여러 가지가 있습니다.

1. **경영 전략 변화**: 신제윤의 임기가 2027년 3월 28일에 만료되며, 이는 삼성의 경영 전략에 중대한 전환점을 나타낼 수 있습니다. 이러한 변화는 새로운 전략적 방향을 가져올 수 있으며, 이는 잠재적인 리스크로 작용할 수 있습니다.

2. **주가 성장 둔화**: 삼성전자는 최근 주가 성장률이 -0.9%로 감소하는 등 주식 시장에서의 압박을 받고 있습니다. 신제윤의 임명과 같은 거버넌스 변화는 투자자들에 의해 면밀히 검토될 수 있으며, 이는 주주 가치를 영향을 미칠 수 있습니다.

3. **법적 및 규제 리스크**: 감사위원회는 법적 및 규제 기준 준수를 보장하는 데 중요한 역할을 합니다. 신제윤이 감사위원회에 합류함으로써, 규제 변화와 법적 리스크를 지속적으로 모니터링해야 하며, 이를 소홀히 할 경우 회사의 신뢰성과 재무 안정성에 부정적인 영향을 미칠 수 있습니다.

4. **거래 투명성 문제**: 감사위원회는 관련 당사자와의 거래에 대한 규제를 준수해야 합니다. 신제윤의 임명은 이러한 거래의 투명성을 보장하는 데 중요한 역할을 하며, 만약 규정 준수가 이루어지지 않는다면 법적 리스크가 발생할 수 있습니다.

5. **재무 안정성에 대한 영향**: 삼성바이오로직스의 회계 조정과 관련된 법적 분쟁은 회사의 재무 안정성과 시장 신뢰에 영향을 미칠 수 있습니다. 신제윤이 감사위원회에 있는 동안 이러한 법적 문제들이 해결되지 않으면, 회사의 이미지와 투자자 신뢰에 부정적인 영향을 미칠 수 있습니다.

이러한 리스크들은 신제윤의 감사위원회 임명과 관련하여 삼성전자가 직면할 수 있는 다양한 도전 과제를 나타냅니다.",2024.03.20 정기주총에서 사외이사 신제윤이 감사위원회 위원이 되는 것과 관련된 구체적인 잠재적 리스크에 대한 정보는 제공된 맥락에 포함되어 있지 않습니다.,32.85,1.0,0.8789339778194053
Graph Hybrid,Risk Manager,2024년 3월 20일 김선욱 사외이사 퇴임이 회사의 잠재적 리스크에 어떤 영향을 미칠 수 있나요?,"김선욱 사외이사의 퇴임은 삼성전자의 잠재적 리스크에 여러 가지 영향을 미칠 수 있습니다. 사외이사는 기업의 독립적인 의사결정과 감독을 담당하며, 그의 퇴임은 이사회 구성의 다양성과 독립성을 약화시킬 수 있습니다. 이는 기업의 전략적 결정에 부정적인 영향을 미칠 수 있습니다.

특히, 김선욱 사외이사의 퇴임은 삼성전자의 경영진 변화와 관련된 잠재적 리스크를 초래할 수 있습니다. 경영진의 변화는 새로운 전략적 방향성을 제시할 수 있는 기회가 될 수 있지만, 기존의 경영 전략이나 기술 개발에 대한 일관성을 해칠 위험도 존재합니다. 이러한 변화는 메모리 DRAM 및 System LSI 부문에서의 경쟁력 강화와 인재 관리 전략에 영향을 미칠 수 있으며, 이는 회사의 전반적인 성과에 리스크로 작용할 수 있습니다.

또한, 김선욱 사외이사의 퇴임은 Compliance팀과 관련된 인사 및 조직 구조에 영향을 미칠 수 있습니다. 사외이사는 기업의 준법 경영 및 리스크 관리에 중요한 역할을 하며, 그의 퇴임은 Compliance팀의 운영 및 전략에 변화를 가져올 수 있습니다. 이는 법적 리스크와 규제 변화에 대한 모니터링 및 대응 전략에 영향을 미칠 수 있습니다.

결론적으로, 김선욱 사외이사의 퇴임은 삼성전자의 전략적 의사결정, 리스크 관리, 그리고 경영진의 안정성에 부정적인 영향을 미칠 가능성이 있으며, 이는 특히 경쟁이 치열한 글로벌 반도체 시장에서 회사의 대응 능력에 영향을 줄 수 있습니다.","2024년 3월 20일 김선욱 사외이사가 퇴임함에 따라, 감사위원회 위원이 되는 사외이사로서의 역할이 종료됩니다. 이는 회사의 지배구조와 감사 기능에 영향을 미칠 수 있으며, 잠재적 리스크 평가 시 이 변화가 고려되어야 합니다.",46.03,1.0,0.0
Graph Hybrid,Tech Investor,이 소유주식수 및 지분율이 왜 중요한가요?,"소유주식수 및 지분율은 기업의 재무 건전성과 경영 안정성을 평가하는 데 중요한 요소입니다. 이들은 기업의 지배구조와 의사결정 과정에 직접적인 영향을 미치며, 주주가 기업의 전략적 방향성과 성과에 미치는 영향력을 나타냅니다. 

1. **경영권과 의사결정**: 높은 지분율은 주주가 기업의 경영에 더 많은 영향을 미칠 수 있음을 의미합니다. 이는 기업의 전략적 결정 및 자원 배분에 있어 중요한 요소로 작용합니다. 예를 들어, 삼성전자가 레인보우로보틱스의 20.3% 지분을 인수한 것은 AI 및 소프트웨어 기술을 접목한 혁신적인 제품 개발에 기여할 수 있습니다.

2. **재무 안정성**: 지분율은 기업의 재정적 안정성과 투자자 신뢰도에 영향을 미칩니다. 삼성전자는 275개의 종속기업과 34개의 관계기업을 보유하고 있으며, 이러한 구조는 글로벌 시장에서의 입지를 강화하는 데 기여합니다. 높은 지분율은 자회사의 운영 및 전략적 결정에 대한 완전한 통제권을 제공하여, 시장의 변화에 신속하게 대응할 수 있는 능력을 높입니다.

3. **주주 가치 제고**: 지분율은 주주 가치를 제고하는 데 기여할 수 있으며, 자사주 매입과 같은 전략을 통해 주주들에게 긍정적인 신호를 줄 수 있습니다. 이는 기업의 성장 가능성과 지속 가능성을 평가하는 데 중요한 기준이 됩니다.

4. **인센티브 구조**: 기업은 임원 및 우수 인력에게 주식기준보상약정을 통해 인센티브를 제공하며, 이는 인재 유치 및 유지에 기여합니다. 주식의 소유는 임직원들이 회사의 성과에 직접적으로 연관되도록 하여 장기적인 성과를 촉진하는 역할을 합니다.

결론적으로, 소유주식수 및 지분율은 기업의 성장 가능성과 시장에서의 경쟁력을 평가하는 데 핵심적인 요소로 작용하며, 기업의 재무적 안정성과 전략적 방향성을 이해하는 데 중요한 지표입니다.","※ 소유주식수 및 지분율은 최대주주 및 그 특수관계인의 합산 내역이며, 의결권 있는 주식(기타 법률에 의해 의결권 행사가 제한된 주식도 포함) 기준입니다. 자세한 사항은 'VII. 주주에 관한 사항'을 참고하시기 바랍니다.",40.65,1.0,0.8688638570387397
Graph Hybrid,Tech Investor,소유주식수 및 지분율이 기업의 시장 점유율에 어떤 영향을 미치나요?,"소유주식수 및 지분율은 기업의 시장 점유율에 여러 가지 방식으로 중요한 영향을 미칠 수 있습니다. 높은 지분율을 가진 기업은 의사결정에서 더 큰 영향력을 행사할 수 있으며, 이는 시장에서의 경쟁력 강화로 이어질 수 있습니다. 예를 들어, 삼성전자가 레인보우로보틱스의 20.3% 지분을 인수한 것은 AI 및 소프트웨어 기술을 접목한 제품 개발에 기여할 수 있으며, 이는 시장 점유율 확대에 긍정적인 영향을 미칠 수 있습니다.

또한, 기업이 보유한 종속기업의 수와 그들의 성과는 전체 매출 및 시장 점유율에 직접적인 영향을 미칩니다. 삼성전자가 2025년까지 230개의 종속기업을 보유할 계획은 시장에서의 입지를 강화하는 전략으로 해석될 수 있습니다. 하만 인터내셔널의 경우, 100% 지분을 보유한 여러 해외 자회사를 통해 글로벌 시장에서의 경쟁력을 높이고 있으며, 이는 안정적인 수익 구조를 유지하는 데 기여합니다.

높은 지분율은 기업이 시장에서의 영향력을 강화하고, 투자자들에게 긍정적인 신호를 줄 수 있습니다. 자사주 매입을 통해 주주 가치를 제고하는 전략은 시장에서의 신뢰도를 높이고, 기업의 시장 점유율 확대에 기여할 수 있습니다. 그러나 외부 시장 변화, 예를 들어 자동차 수요 감소와 같은 리스크도 고려해야 합니다.

결론적으로, 소유주식수 및 지분율은 기업의 시장 점유율에 긍정적인 영향을 미칠 수 있지만, 이는 기업의 전략, 외부 시장 환경, 그리고 경쟁 상황에 따라 달라질 수 있습니다.","소유주식수 및 지분율은 최대주주 및 그 특수관계인의 합산 내역이며, 의결권 있는 주식을 기준으로 합니다. 이는 기업의 지배력과 시장 점유율에 영향을 미칠 수 있습니다.",36.87,1.0,0.0
Graph Hybrid,Risk Manager,"2021년 중 종속기업인 Samsung Research America, Inc이 합병된 배경과 그로 인한 회사의 경영활동에 어떤 변화가 있었는지 구체적으로 설명해 주시겠습니까?","2021년 중 삼성의 종속기업인 Samsung Research America, Inc.의 합병 배경은 삼성전자의 전반적인 M&A(인수합병) 전략의 일환으로 볼 수 있습니다. 삼성전자는 글로벌 전자 시장에서의 경쟁력을 강화하고, 연구개발(R&D) 역량을 확대하기 위해 여러 자회사를 통합하거나 인수하는 전략을 추진하고 있습니다. 이러한 M&A 활동은 삼성의 사업 전략에 중요한 영향을 미치며, 자회사 구조에 변화를 가져옵니다.

Samsung Research America, Inc.의 합병은 특히 미국 내에서의 연구개발 활동을 강화하고, 인공지능(AI) 및 반도체 기술 등 핵심 기술 분야에서의 혁신을 촉진하기 위한 목적이 있었습니다. 합병 이후, 삼성전자는 R&D 기능을 통합하여 효율성을 높이고, 새로운 제품 개발을 가속화하는 데 집중할 수 있게 되었습니다. 

이러한 변화는 회사의 경영활동에도 큰 영향을 미쳤습니다. 경영진은 합병을 통해 자원의 최적화를 이루고, 연구개발 부문의 시너지를 창출하여 시장에서의 경쟁력을 더욱 강화할 수 있었습니다. 또한, 합병으로 인해 삼성전자는 미국 내에서의 입지를 더욱 확고히 하여, 글로벌 전자 시장에서의 리더십을 유지하고 강화하는 데 기여했습니다.

결론적으로, Samsung Research America, Inc.의 합병은 삼성전자의 M&A 전략과 R&D 강화의 일환으로, 회사의 경영활동에 긍정적인 변화를 가져온 중요한 사건으로 평가됩니다.","2021년 중 종속기업인 Samsung Research America, Inc이 종속기업 Viv Labs, Inc.와 합병되었습니다. 이와 관련하여, 해당 합병이 회사의 경영활동에 어떤 영향을 미쳤는지에 대한 구체적인 내용은 제공된 자료에 포함되어 있지 않으며, 주요 종속기업에 대한 상세 내용은 'XII. 상세표'의 '1. 연결대상 종속회사 현황(상세)' 항목을 참고하시기 바랍니다.",35.04,0.1111111111111111,0.8722390747827665
Graph Hybrid,Financial Analyst,"경영활동과 관련된 중요한 사항의 발생내용에 대해 설명해 주실 수 있습니까? 특히, 2020년부터 2023년까지의 주요 사건과 그 내용이 어떻게 기업의 재무 안정성과 성장에 영향을 미쳤는지 상세하게 알려주시기 바랍니다.","삼성전자는 2020년부터 2023년까지 여러 중요한 경영활동을 통해 재무 안정성과 성장을 도모하였습니다. 이 기간 동안의 주요 사건들은 다음과 같습니다:

1. **Harman International Industries 인수**: 삼성전자는 Harman을 인수하여 오디오 시장에서의 입지를 강화하는 전략적 투자를 진행했습니다. 이 인수는 삼성전자의 매출 증가에 기여하였으며, 2023년 Harman의 매출은 5,267,083백만 원에 달했습니다. 이러한 성장은 삼성전자가 오디오 제품 및 전자제품의 생산과 판매를 확대하고 있다는 것을 보여줍니다.

2. **Rainbow Robotics USA 인수**: 2023년 삼성전자는 Rainbow Robotics USA를 인수하여 로봇 및 자동화 기술 분야에서의 확장을 의미합니다. 이는 기업의 성장 가능성을 높이는 요소로 작용하고 있으며, R&D 투자와 함께 기술 혁신을 통해 경쟁력을 강화하고 있습니다.

3. **메모리 사업부의 성과**: 삼성전자는 메모리 사업부에서 2023년 3분기 동안 20조 원 이상의 매출을 기록하며 안정적인 성장을 이어가고 있습니다. 특히, DRAM 및 HBM(High Bandwidth Memory) 기술 개발에 집중하여 AI 및 고성능 컴퓨팅(HPC) 시장에서의 경쟁력을 강화하고 있습니다.

4. **R&D 투자 강화**: 삼성전자는 R&D에 대한 지속적인 투자를 통해 기술 개발과 제품 혁신을 도모하고 있습니다. 2023년 삼성 덴마크 연구 센터는 31,120백만 원의 매출을 기록하며, 이러한 R&D 투자는 기업의 성장 가능성을 높이는 데 기여하고 있습니다.

5. **글로벌 시장 확장**: 삼성전자는 2023년 3분기 동안 유럽에서 33,905,849 백만원의 순매출을 기록하며, AI 기반의 에너지 절감 기술을 적용한 제품들이 시장에서 긍정적인 반응을 얻고 있습니다. 이러한 혁신은 기업의 경쟁력을 강화하는 데 기여하고 있습니다.

6. **신규 계약 체결**: 삼성전자는 Qualcomm, Huawei, Nokia와의 계약을 통해 모바일 AP 솔루션 시장에서의 경쟁력을 강화하고 있으며, 이는 기술력과 시장 점유율을 높이는 데 기여하고 있습니다.

이러한 사건들은 삼성전자의 재무 안정성과 성장에 긍정적인 영향을 미쳤습니다. 그러나 글로벌 시장에서의 치열한 경쟁과 각 지역의 경제적 불확실성은 여전히 리스크 요소로 작용하고 있습니다. 삼성전자는 이러한 리스크를 관리하기 위해 전략적 대응이 필요하며, 지속적인 기술 혁신과 고객 만족도를 높이는 노력이 중요합니다.","2020년에는 '그랑데 AI' 인공지능 기반 세탁기ㆍ건조기 출시, AIㆍ차세대 슈퍼컴퓨터용 초고속 DRAM 출시, 'Galaxy Z 플립' 최초 폴더블폰 공개, 세계 최대 규모 평택 반도체 2라인 가동이 있었습니다. 2021년에는 'Neo QLED TV' 공개, 전세계 반도체 업체 최초 전 사업장 '탄소/물/폐기물 저감' 인증, 업계 최선단 14나노 EUV DDR5 D램 양산, 미국 테일러시의 신규 파운드리 라인 투자 발표가 있었습니다. 2022년에는 BESPOKE 인피니트 라인 공개, 세계 최초 3나노 GAA 파운드리 양산, 차세대 반도체 R&D단지 기공식, 1Tb 8세대 V낸드 양산이 이루어졌습니다. 2023년에는 초고화소 기술이 집약된 2억 화소 이미지센서 '아이소셀 HP2' 출시와 업계 최선단 12나노급 기술이 발표되었습니다. 이러한 주요 사건들은 기업의 기술력 강화와 시장 경쟁력 확보에 기여하며 재무 안정성과 성장에 긍정적인 영향을 미쳤을 것으로 판단됩니다.",54.69,0.96,0.8171194770154875
Graph Hybrid,Tech Investor,2023.03. 15 | 정기주 총 | - |  | 사내이사 한종희 뭐임?,"On March 15, 2023, Han Jong-hee, who is the CEO of Samsung Electronics and an inside director, attended a shareholders' meeting. This meeting is part of the regular corporate governance activities where decisions regarding the company's operations and strategies are discussed. As a member of the Board of Directors and the Management Committee, Han Jong-hee plays a significant role in the management and decision-making processes of Samsung Electronics. 

In this context, ""정기주 총"" likely refers to a regular shareholders' meeting, where important updates and decisions regarding the company's performance, including financial metrics like revenue and profit, are shared with shareholders.","2023.03. 15 | 정기주 총은 정기주주총회이며, 그날 사내이사 한종희가 참석한 것으로 나타납니다.",18.77,0.45454545454545453,0.8251632506395641
Graph Hybrid,Financial Analyst,2024년 3월 20일 주주총회에서 감사위원회 위원이 되는 사외이사 선임이 뭐야?,"2024년 3월 20일 주주총회에서 감사위원회 위원이 되는 사외이사 선임은 주주총회에서 사외이사로서 감사위원회에 참여할 새로운 위원을 선출하는 과정을 의미합니다. 감사위원회는 삼성전자의 내부 통제 및 감사 활동을 감독하는 역할을 하며, 이 위원회는 주주총회에서 선출된 사외이사들로 구성됩니다. 사외이사는 회사의 경영에 독립적인 시각을 제공하며, 주주들의 권리를 보호하는 데 중요한 역할을 합니다. 

이 과정은 주주들이 감사위원회 위원의 자격과 적합성을 평가하고, 그들의 선임을 승인하는 절차를 포함합니다. 감사위원회는 또한 기업 거버넌스와 ESG(환경, 사회, 지배구조) 관리에 기여하며, 회사의 재무 보고를 감독합니다.",2024년 3월 20일 주주총회에서 조혜경 사외이사가 감사위원회 위원이 되는 사외이사로 선임됩니다. 이로 인해 2021년 동일한 방식으로 감사위원회 위원이 된 김선욱 사외이사는 2024년 3월 20일에 사임하게 됩니다.,21.76,0.3333333333333333,0.8563350299924964
Graph Hybrid,Risk Manager,2021년과 2023년 사이에 발생한 종속기업의 상호 변경과 합병 사례에서 '라. 상호의 변경'이 기업의 잠재적 비즈니스 리스크 또는 규제 문제에 어떤 영향을 미칠 수 있나요?,"Based on the information from the knowledge graph, there are several key points to consider regarding the potential business risks or regulatory issues that may arise from name changes and mergers of subsidiaries between 2021 and 2023.

1. **Mergers and Acquisitions (M&A)**: Samsung Electronics has been actively involved in M&A activities, which can significantly impact its subsidiary structure. For instance, in 2021, Viv Labs merged with Samsung Research America, indicating a strategic move to consolidate resources and capabilities. Such mergers can lead to operational efficiencies but may also introduce complexities in regulatory compliance and integration challenges.

2. **Name Changes**: The act of changing a subsidiary's name can have various implications. It may affect brand recognition and customer loyalty, potentially leading to confusion in the market. Additionally, regulatory bodies may require notifications or approvals for such changes, which could introduce delays or complications if not managed properly.

3. **Regulatory Compliance**: Both mergers and name changes must comply with local and international regulations. This includes ensuring that all legal requirements are met, which can vary by jurisdiction. Failure to comply can result in fines, legal challenges, or reputational damage.

4. **Financial Reporting and Transparency**: Changes in subsidiary names or structures can complicate financial reporting. Stakeholders, including investors and regulatory agencies, may require clear and transparent communication regarding these changes to maintain trust and ensure compliance with financial regulations.

5. **Market Perception**: The perception of stability and reliability in a company can be affected by frequent changes in subsidiary names or structures. Investors and customers may view these changes as signs of instability or mismanagement, which could impact stock prices and market confidence.

In summary, while mergers and name changes can provide strategic advantages, they also pose potential business risks and regulatory challenges that must be carefully managed to ensure compliance and maintain market confidence.","2021년에는 종속기업 Samsung Electronics Portuguesa S.A.의 사명이 Samsung Electronics Portuguesa, Unipessoal, Lda.로 변경되었고, 2023년에는 종속기업 Emerald Intermediate, Inc.가 Samsung Display America Holdings, Inc.로 변경되었습니다. 이러한 상호 변경은 기업의 구조와 브랜드 인지도에 영향을 미칠 수 있으며, 관련 규제 또는 법적 문제 발생 가능성을 내포할 수 있습니다. 또한, 종속기업의 사명 변경은 기업의 재무 보고 및 규제 준수에 영향을 미칠 수 있어 잠재적 비즈니스 리스크 또는 규제 문제를 야기할 수 있습니다.",33.7,0.125,0.8904241003317402
Graph Hybrid,Risk Manager,소유주식수 및 지분율이 기업의 의사결정과 지배구조에 어떤 영향을 미치는지 설명해 주실 수 있습니까?,"소유주식수 및 지분율은 기업의 의사결정과 지배구조에 매우 중요한 영향을 미칩니다. 높은 지분율을 가진 주주는 기업의 의사결정 과정에서 더 큰 영향력을 행사할 수 있으며, 이는 기업의 전략적 방향성과 운영에 직접적인 영향을 미칠 수 있습니다. 예를 들어, 삼성전자의 경우 삼성생명보험이 8.60%의 지분을 보유하고 있어, 이 회사의 지배구조를 강화하는 데 중요한 역할을 하고 있습니다. 높은 지분율은 주주가 기업의 결정에 더 많은 통제권을 부여하며, 이는 기업의 전략적 결정과 재무 정책에 영향을 미칠 수 있습니다.

또한, 삼성전자는 275개의 자회사와 34개의 계열사를 보유하고 있으며, 이러한 구조는 복잡한 지배구조를 형성합니다. 자회사의 운영 및 전략적 방향에 대한 통제권이 높을수록 의사결정 과정에서 신속하고 일관된 결정을 내릴 수 있는 장점이 있습니다. 반면, 지분율이 낮은 경우 외부 주주들의 의견이나 이해관계가 의사결정에 영향을 미칠 수 있어 경영의 일관성이 떨어질 수 있습니다.

결론적으로, 소유주식수와 지분율은 기업의 지배구조를 강화하고, 외부의 영향으로부터 독립적인 경영을 가능하게 하며, 이는 기업이 시장 변화에 신속하게 대응하고 장기적인 전략을 일관되게 추진할 수 있는 기반이 됩니다. 그러나 이러한 구조는 경제적 불확실성이나 규제 변화와 같은 리스크를 동반할 수 있습니다.","소유주식수 및 지분율은 최대주주 및 그 특수관계인의 합산 내역이며, 의결권 있는 주식(기타 법률에 의해 의결권 행사가 제한된 주식도 포함)을 기준으로 합니다. 이는 기업의 지배구조와 의사결정에 중요한 영향을 미치며, 최대주주 관련 자세한 사항은 'VII. 주주에 관한 사항'을 참고하시기 바랍니다.",37.19,0.8823529411764706,0.88674179371945
Graph Hybrid,Tech Investor,"Samsung Research America, Inc이랑 관련된 정보가 뭐야? 왜 이렇게 헷갈리게 쓰여있지?","Samsung Research America, Inc. (SRA) is the research arm of Samsung in the United States, focusing on various technological advancements and innovations. However, the information surrounding SRA can be somewhat confusing due to its limited direct mention in the context of broader discussions about Samsung Electronics and its financial performance.

1. **Role and Function**: SRA is involved in research and development (R&D) activities, which are a core function of Samsung Electronics. This includes the integration of artificial intelligence (AI) technology into products, as well as other advanced technologies.

2. **Financial Performance**: While there are mentions of Samsung Electronics America, Inc. (SEA) and its financial metrics, such as a reported revenue of $50,777,503 in 2023, SRA itself is not explicitly detailed in these financial discussions. This can lead to confusion as the focus tends to be on the overall performance of Samsung Electronics rather than on the specific contributions of SRA.

3. **Executive Involvement**: Executives from SRA are involved in strategic decision-making across various departments, which indicates its importance within the larger Samsung organization. However, the lack of specific details about SRA in financial summaries or strategic discussions can make it seem less prominent.

In summary, while Samsung Research America, Inc. plays a significant role in R&D and technological innovation for Samsung, the information surrounding it is often overshadowed by broader discussions about Samsung Electronics and its financial performance, leading to potential confusion.","2021년 중 종속기업 Viv Labs, Inc.는 종속기업 Samsung Research America, Inc (SRA)에 합병되었습니다. 따라서, Samsung Research America, Inc는 Viv Labs, Inc와 합병된 종속기업입니다.",30.2,1.0,0.0
Graph Hybrid,Financial Analyst,삼성전자의 경영활동과 관련된 중요한 사항의 발생내용 중 2020년부터 2023년까지의 주요 사건들이 회사의 재무 안정성과 성장 전략에 어떤 영향을 미쳤는지 상세하게 설명해 주실 수 있습니까?,"삼성전자의 경영활동과 관련된 주요 사건들은 2020년부터 2023년까지 회사의 재무 안정성과 성장 전략에 긍정적인 영향을 미쳤습니다. 이 기간 동안 삼성전자는 다양한 전략적 투자와 기술 혁신을 통해 글로벌 시장에서의 경쟁력을 강화하고, 재무적 안정성을 높이는 데 기여했습니다.

1. **재무 성과 및 안정성**: 삼성전자는 2023년 3분기 동안 15조 원의 매출을 기록하며 전년 대비 10% 증가한 성과를 보였습니다. 이는 Mobile eXperience 부문이 전체 매출에서 중요한 비중을 차지하고 있음을 나타내며, 지속적인 성장을 위한 전략적 인력 배치가 이루어졌음을 보여줍니다. 또한, 2023년 3분기 기준으로 반도체 부문 매출이 20조 원을 초과할 것으로 예상되며, 이는 전년 대비 15% 증가한 수치입니다.

2. **AI 및 반도체 투자**: 삼성전자는 AI 및 반도체 부문에 대한 지속적인 투자와 인재 확보를 통해 매출 목표 달성에 기여하고 있습니다. 2023년 3분기까지 매출 200조 원을 목표로 하고 있으며, 이 중 반도체 부문이 60% 이상을 차지할 것으로 예상됩니다. 이러한 전략적 포지셔닝은 향후 3년간 AI 및 반도체 시장에서의 경쟁력을 높이는 데 기여할 것으로 보입니다.

3. **M&A 및 포트폴리오 다각화**: 삼성전자는 Harman International Industries의 인수를 포함한 전략적 투자를 통해 오디오 시장에서의 입지를 강화하고 있습니다. 이러한 인수는 회사의 재무 안정성에 긍정적인 영향을 미치며, 오디오 제품 및 전자제품의 생산과 판매를 확대하는 데 기여하고 있습니다.

4. **기술 혁신**: 삼성전자는 GDDR7 D램과 같은 차세대 메모리 제품 개발을 통해 AI 및 고성능 컴퓨팅(HPC) 시장에서의 경쟁력을 높이고 있습니다. 이러한 기술 혁신은 삼성전자가 이미지 센서 시장에서의 리더십을 유지하는 데 중요한 역할을 하고 있으며, 이는 회사의 재무 안정성에 긍정적인 영향을 미치고 있습니다.

5. **글로벌 시장 확장**: 삼성전자는 동남아시아, CIS, 미주 지역에서의 사업 확장을 통해 글로벌 시장에서의 경쟁력을 강화하고 있으며, 이는 매출 증가로 이어졌습니다. 2024년 삼성전자 베트남 법인은 7,819,080의 매출을 기록할 것으로 예상되며, 이는 재무 안정성을 높이는 요소로 작용합니다.

6. **R&D 투자**: 삼성전자는 연구개발(R&D) 부문에 대한 지속적인 투자를 통해 기술 혁신과 제품 개발을 강화하고 있습니다. 2023년 연구개발비가 7,661,260 백만원에 이르며, 이는 삼성전자가 기술 혁신을 위해 얼마나 많은 자원을 할당하고 있는지를 보여줍니다.

7. **리스크 관리**: 그러나, 글로벌 반도체 시장의 경쟁 심화와 공급망 불안정성은 리스크로 작용할 수 있으며, 이를 극복하기 위한 D2C 전략을 통해 새로운 시장 기회를 창출할 가능성이 큽니다. 또한, 환율 변동과 같은 외부 요인에 대한 리스크 관리가 필요하며, 새로운 회계 기준에 대한 준비도 중요한 요소로 작용하고 있습니다.

결론적으로, 삼성전자의 2020년부터 2023년까지의 경영활동은 재무 안정성과 성장 전략에 긍정적인 영향을 미쳤으며, 지속적인 기술 혁신과 글로벌 시장 확장을 통해 경쟁력을 강화하고 있습니다. 그러나, 치열한 경쟁과 외부 리스크에 대한 지속적인 대응이 필요합니다.","2020년에는 '그랑데 AI' 인공지능 기반 세탁기ㆍ건조기 출시, AIㆍ차세대 슈퍼컴퓨터용 초고속 DRAM 출시, 'Galaxy Z 플립' 최초 폴더블폰 공개, 세계 최대 규모 평택 반도체 2라인 가동이 있었으며, 이러한 사건들은 회사의 기술력 강화와 시장 경쟁력 향상에 기여하였습니다. 2021년에는 'Neo QLED TV' 공개, 전세계 반도체 업체 최초 전 사업장 '탄소/물/폐기물 저감' 인증, 업계 최선단 14나노 EUV DDR5 D램 양산, 미국 테일러시 투자 발표 등으로 재무 안정성과 글로벌 시장 확대를 도모하였고, 2022년에는 BESPOKE 인피니트 라인 공개, 세계 최초 3나노 GAA 파운드리 양산, 차세대 반도체 R&D단지 기공식, 1Tb 8세대 V낸드 양산이 이루어졌으며, 2023년에는 초고화소 기술 집약된 2억 화소 이미지센서 '아이소셀 HP2' 출시와 업계 최선단 12나노급 기술 개발이 진행되어 회사의 기술력과 시장 지위가 지속적으로 강화되고 있음을 보여줍니다.",66.6,1.0,0.8315933118802391
Graph Hybrid,Financial Analyst,2022.11. 03 임시주총 사외이사 허은녕 유명희 뭐야?,"On November 3, 2022, Samsung Electronics held an extraordinary general meeting (임시주총) where Yoo Myung-hee was appointed as an external director. Yoo Myung-hee is a notable figure who serves on the board of Samsung Electronics and is also a member of the Sustainable Management Committee and the Audit Committee. Additionally, she has experience as a diplomat and has served as a trade envoy. The meeting was part of Samsung's governance and decision-making processes, reflecting its commitment to corporate governance and sustainability. 

The mention of ""허은녕"" (Heo Eun-nyung) does not have corresponding information in the provided knowledge graph, so I cannot provide details about that individual.",2022.11. 03에 열린 임시주주총회에서 사외이사로 허은녕과 유명희가 참석했습니다.,23.79,0.8181818181818182,0.795134383666166
Graph Hybrid,Financial Analyst,2024년 3월 20일 김선욱 사외이사 퇴임이 뭐야?,"2024년 3월 20일 김선욱 사외이사가 퇴임하는 것은 삼성전자의 이사회에서의 그의 역할이 종료됨을 의미합니다. 김선욱은 삼성전자의 이사로 활동해왔으며, 퇴임일에 이사회 회의에 참석할 예정입니다. 이 회의는 삼성전자의 정기 이사회로, 회사의 중요한 결정이 이루어지는 자리입니다. 퇴임 후 그는 더 이상 삼성전자의 이사회 구성원으로 활동하지 않게 됩니다.","2024년 3월 20일 김선욱 사외이사는 2021년 동일한 방식으로 감사위원회 위원이 되는 사외이사로 선임된 후, 사임하여 퇴임하게 되었습니다.",23.38,0.6666666666666666,0.8048317013597834
Graph Hybrid,Tech Investor,"최대주주 및 그 특수관계인의 소유주식수와 지분율이 어떻게 산정되며, 이와 관련된 중요한 경영활동은 무엇입니까?","최대주주 및 그 특수관계인의 소유주식수와 지분율은 주식의 발행 및 보유 현황에 따라 산정됩니다. 삼성전자는 삼성생명보험㈜의 최대주주로, 2025년 6월 30일 기준으로 삼성생명보험의 지분율은 8.60%에 달합니다. 이러한 지분율은 기업의 지배구조와 경영활동에 중요한 영향을 미치며, 주주와의 관계를 강화하는 전략으로 자사주 매입을 통해 주주 가치를 제고하고 있습니다.

또한, 삼성전자는 관련 당사자와의 중요한 거래를 통해 안정적인 수익을 창출하고 있으며, 이는 기업의 지배구조와 경영활동에 중요한 요소로 작용합니다. 이러한 경영활동은 주주 가치를 높이기 위한 전략의 일환으로, 배당금 분배와 같은 정책을 통해 주주와의 관계를 더욱 강화하는 데 기여하고 있습니다.","소유주식수 및 지분율은 최대주주 및 그 특수관계인의 합산 내역이며, 의결권 있는 주식(기타 법률에 의해 의결권 행사가 제한된 주식도 포함)을 기준으로 합니다. 또한, 2021년과 2023년의 종속기업 사명 변경과 합병 등 중요한 경영활동이 발생하였으며, 이는 'VII. 주주에 관한 사항'과 'XII. 상세표'의 관련 항목을 참고하시기 바랍니다.",28.92,1.0,0.7605339584554839
Graph Hybrid,Tech Investor,Samsung Electronics Portuguesa S.A.의 최근 변경 사항은 무엇인가요?,"Samsung Electronics Portuguesa S.A. recently underwent a name change in 2021 as part of Samsung Electronics' global business expansion strategy. This change is aimed at strengthening its sales and research and development activities in the European region. 

If you have any further questions or need more details, feel free to ask!","2021년 중에는 종속기업 Samsung Electronics Portuguesa S.A. (SEP) 사명이 Samsung Electronics Portuguesa, Unipessoal, Lda.로 변경되었으며, 2023년 중에는 종속기업 Emerald Intermediate, Inc. 사명이 Samsung Display America Holdings, Inc. (SDAH)로 변경되었습니다.",23.46,0.8,0.8703125635256089
Graph Hybrid,Risk Manager,"2021년과 2023년의 합병 사례는 무엇이며, 각각 어떤 기업들이 관련되어 있나요?","2021년과 2023년의 합병 사례는 다음과 같습니다:

1. **2021년**: Viv Labs가 Samsung Research America와 합병하였습니다. Viv Labs는 인공지능 기술을 개발하는 회사로, 이 합병을 통해 삼성의 연구 및 개발 역량을 강화하는 데 기여했습니다.

2. **2023년**: Samsung Display America Holdings가 eMagin의 주식을 인수하였습니다. eMagin은 OLED 기술을 전문으로 하는 회사로, 이 인수는 삼성의 디스플레이 기술을 더욱 발전시키기 위한 전략으로 볼 수 있습니다.

이 두 사례는 각각 다른 기업들이 관련되어 있으며, 2021년에는 Viv Labs와 Samsung Research America, 2023년에는 Samsung Display America Holdings와 eMagin이 포함됩니다.","2021년에는 종속기업인 Viv Labs, Inc.가 Samsung Research America, Inc.에 합병되었으며, Prismview, LLC는 Samsung Electronics America, Inc.에 합병되었습니다. 2023년에는 Samsung Display America Holdings, Inc.가 eMagin Corporation의 지분을 인수하였습니다.",20.72,0.5,0.8857280993377908
Graph Hybrid,Risk Manager,경영활동과 관려된 중대한 사안들 뭐임?,"삼성전자의 경영활동과 관련된 중대한 사안들은 다음과 같습니다:

1. **매출 목표 및 성과**: 삼성전자는 2024년 1분기에 70조 원의 매출 목표를 설정하였으며, 2023년 3분기 동안 1,730,993억 원의 매출을 기록했습니다. 또한, 2025년 반기에는 153조 7,068억 원의 매출을 달성할 계획입니다.

2. **R&D 투자**: 2024년 R&D 투자 금액은 27조 원으로 예상되며, 이는 기술 혁신과 경쟁력 강화를 위한 중요한 요소입니다. 반도체 및 모바일 경험 분야에서의 전략적 의사결정에 영향을 미치는 R&D 활동이 강조되고 있습니다.

3. **AI 및 신기술 통합**: 삼성전자는 AI 및 소프트웨어 기술을 접목한 레인보우로보틱스의 지분 20.3%를 인수하며, AI 기술을 다양한 제품에 통합하고 있습니다. 이는 시장에서의 경쟁력을 높이는 데 기여하고 있습니다.

4. **글로벌 사업 확장**: 삼성전자는 동남아시아, CIS, 미주 지역에서의 사업 확장을 통해 글로벌 시장에서의 경쟁력을 강화하고 있으며, 여러 해외 자회사를 통해 매출을 기록하고 있습니다.

5. **배당금 지급 계획**: 삼성전자는 2025년 1분기와 2분기에 각각 2,150,813백만원과 2,447,284백만원의 배당금을 지급할 예정이며, 이는 주주 가치를 높이기 위한 전략의 일환으로 볼 수 있습니다.

6. **법적 리스크 관리**: 삼성전자는 법적 리스크와 관련된 여러 이슈를 관리하고 있으며, 특히 개인정보 보호 및 준법 경영의 중요성이 강조되고 있습니다.

7. **시장 경쟁 및 기술 혁신**: 스마트폰, TV, 메모리 제품 등에서의 경쟁 심화와 기술 혁신을 통해 사업 기회를 확대하고 있으며, HBM3E D램과 같은 고성능 메모리 제품 개발이 주목받고 있습니다.

8. **재무 건전성**: 삼성전자는 안정적인 재무 상태를 유지하고 있으며, 신용등급 평가에서 긍정적인 결과를 얻고 있습니다. 그러나 글로벌 경제 불확실성과 환율 변동에 대한 리스크 관리가 필요합니다.

이러한 요소들은 삼성전자의 경영 전략 및 향후 성장 가능성에 중대한 영향을 미치고 있습니다.","경영활동과 관련된 중요한 사항의 발생내용에는 2020년 '그랑데 AI' 인공지능 기반 세탁기ㆍ건조기 출시, AIㆍ차세대 슈퍼컴퓨터용 초고속 DRAM 출시, 'Galaxy Z 플립' 최초 폴더블폰 공개, 세계 최대 규모 평택 반도체 2라인 가동이 포함됩니다. 2021년에는 'Neo QLED TV' 공개, 전세계 반도체 업체 최초 전 사업장 '탄소/물/폐기물 저감' 인증, 업계 최선단 14나노 EUV DDR5 D램 양산, 미국 테일러시 신규 파운드리 라인 투자 발표가 있었습니다. 2022년에는 BESPOKE 인피니트 라인 공개, 세계 최초 3나노 GAA 파운드리 양산, 차세대 반도체 R&D단지 기공식, 1Tb 8세대 V낸드 양산이 이루어졌으며, 2023년에는 초고화소 기술 집약된 2억 화소 이미지센서 '아이소셀 HP2' 출시와 업계 최선단 12나노급이 포함됩니다.",71.51,1.0,0.8252642568611193
Graph Hybrid,Financial Analyst,2024.03.20 정기주총에서 신제윤 사외이사(감사위원회 위원)가 어떤 역할을 맡았나요?,"신제윤 사외이사는 2024년 3월 20일 정기주주총회에서 감사위원회 위원으로서의 역할을 맡았습니다. 그는 감사위원회의 의장으로서 내부 통제 시스템을 감독하고, 재무 보고를 관리하며, 감사 활동을 감독하는 책임을 가지고 있습니다. 또한, 그는 외부 이사 후보 추천 위원회와 보상위원회에도 참여하고 있어, 회사의 거버넌스와 관련된 여러 위원회에서 중요한 역할을 수행하고 있습니다.",2024.03.20 정기주총에서 신제윤 사외이사는 감사위원회 위원으로 선임되었습니다.,21.92,0.3333333333333333,0.8198160868310455
Graph Hybrid,Tech Investor,2024년 3월 20일 주주총회에서 감사위원회 위원이 되는 사외이사 선임이 뭐야?,"2024년 3월 20일 주주총회에서 감사위원회 위원이 되는 사외이사 선임은 주주총회에서 사외이사로서 감사위원회에 참여할 새로운 위원을 선출하는 과정을 의미합니다. 감사위원회는 삼성전자의 내부 통제 및 감사 활동을 감독하는 역할을 하며, 이 위원회는 주주총회에서 선출된 사외이사들로 구성됩니다. 사외이사는 회사의 경영진과 독립적인 입장에서 회사의 운영을 감시하고, 주주들의 권리를 보호하는 중요한 역할을 수행합니다. 

이 과정은 기업 거버넌스의 일환으로, 감사위원회가 회사의 재무 보고 및 내부 통제 시스템을 감독하는 데 필요한 인력을 확보하는 데 기여합니다.",2024년 3월 20일 주주총회에서 조혜경 사외이사가 감사위원회 위원이 되는 사외이사로 선임됩니다. 이로 인해 2021년 동일한 방식으로 감사위원회 위원이 된 김선욱 사외이사는 2024년 3월 20일에 사임하게 됩니다.,23.9,0.5714285714285714,0.8563349624151345
Graph Hybrid,Financial Analyst,라. 상호의 변경이 재무 안정성에 영향 있나요?,"상호의 변경이 재무 안정성에 미치는 영향에 대한 직접적인 언급은 없습니다. 그러나 여러 커뮤니티 요약에서는 삼성전자가 안정적인 재무 구조를 유지하고 있으며, 매출 증가와 R&D 투자 등이 재무 안정성에 긍정적인 영향을 미칠 수 있다는 점을 강조하고 있습니다. 

특히, 삼성전자는 다양한 해외 자회사에서 상당한 전자제품 판매 수익을 기록하고 있으며, 이는 재무 안정성에 긍정적인 요소로 작용할 수 있습니다. 또한, 법적 리스크 관리와 자금 유동성 확보 노력이 강조되며, 이러한 요소들이 재무 안정성에 기여할 수 있습니다. 

그러나 글로벌 경제 불확실성과 경쟁 심화는 여전히 리스크로 작용할 수 있으며, 상호의 변경이 이러한 요소에 영향을 줄 수 있는 가능성도 존재합니다. 따라서 상호의 변경이 재무 안정성에 미치는 영향은 복합적일 수 있으며, 구체적인 영향에 대한 추가적인 정보가 필요합니다.","2021년에는 종속기업 Samsung Electronics Portuguesa S.A.의 사명이 Samsung Electronics Portuguesa, Unipessoal, Lda.로 변경되었고, 2023년에는 Emerald Intermediate, Inc.의 사명이 Samsung Display America Holdings, Inc.로 변경되었습니다. 이와 같은 상호 변경은 회사의 재무 안정성에 대한 직접적인 언급이 없으므로, 제공된 자료에서는 영향을 판단할 수 없습니다.",29.83,1.0,0.0
Graph Hybrid,Risk Manager,종속기업인 Samsung Electronics Portuguesa S.A.의 사명 변경이 회사의 지배구조와 잠재적 비즈니스 리스크에 어떤 영향을 미칠 수 있는지 구체적으로 설명해 주시겠습니까?,"Samsung Electronics Portuguesa S.A.의 사명 변경은 회사의 지배구조와 잠재적 비즈니스 리스크에 여러 가지 영향을 미칠 수 있습니다.

첫째, 사명 변경은 브랜드 이미지와 인식에 직접적인 영향을 줄 수 있습니다. 새로운 사명은 고객과 투자자에게 새로운 비전을 전달하는 기회가 될 수 있으며, 이는 회사의 전략적 방향성을 재정립하는 데 기여할 수 있습니다. 예를 들어, 만약 새로운 사명이 더 혁신적이거나 글로벌 시장에 적합하다면, 경영진의 결정 및 운영 방식이 조정될 수 있습니다.

둘째, 사명 변경은 지배구조의 변화로 이어질 수 있습니다. 새로운 브랜드 이미지가 고객의 혼란을 초래하거나 기존의 브랜드 충성도를 약화시킬 위험이 존재합니다. 특히, 정치적 및 경제적 불확실성이 존재하는 유럽 시장에서의 경쟁이 치열해짐에 따라, 새로운 사명이 이러한 리스크를 관리하는 데 도움이 될 수도 있지만, 반대로 리스크를 증가시킬 가능성도 있습니다.

셋째, 삼성전자는 사명 변경에 따른 지배구조와 비즈니스 리스크를 면밀히 분석하고 전략적으로 대응할 필요가 있습니다. 이는 회사가 지속 가능한 경영을 추구하고 ESG(환경, 사회, 지배구조) 규정을 준수하는 데에도 중요한 요소가 될 것입니다. 

결론적으로, Samsung Electronics Portuguesa S.A.의 사명 변경은 브랜드 이미지, 지배구조, 그리고 비즈니스 리스크에 중대한 영향을 미칠 수 있으며, 이러한 변화에 대한 철저한 분석과 전략적 대응이 필요합니다.","2021년 중에 종속기업 Samsung Electronics Portuguesa S.A.의 사명이 Samsung Electronics Portuguesa, Unipessoal, Lda.로 변경되었으며, 이는 회사의 지배구조와 관련된 잠재적 비즈니스 리스크에 영향을 미칠 수 있습니다. 이러한 사명 변경은 회사의 운영 및 법적 지위에 변화를 가져올 수 있으며, 규제 문제나 공급망 문제와 연관된 리스크 평가 시 고려해야 할 중요한 사항입니다. 또한, 2023년에는 Emerald Intermediate, Inc.의 사명이 Samsung Display America Holdings, Inc.로 변경되어, 회사의 글로벌 운영 및 관련 리스크에 영향을 미칠 수 있음을 시사합니다. 따라서 이러한 사명 변경은 회사의 전반적인 비즈니스 리스크와 규제 준수 여부를 평가하는 데 중요한 요소로 작용할 수 있습니다.",32.8,0.875,0.0
Graph Hybrid,Financial Analyst,"Samsung Research America, Inc 맞아?","Samsung Research America, Inc. is indeed a relevant entity within the broader context of Samsung Electronics. It serves as the research arm of Samsung in America, focusing on various technological advancements, including artificial intelligence (AI) and other innovative solutions. While the specific details about Samsung Research America, Inc. were not extensively covered in the provided information, it is associated with Samsung's overall research and development (R&D) activities, which are crucial for enhancing competitiveness in the global electronics market.

Additionally, Samsung Electronics has been actively pursuing growth strategies in North America, aiming for significant advancements by 2028. This aligns with the objectives of Samsung Research America, Inc., as it contributes to the company's R&D efforts in the region.

In summary, while the information does not provide exhaustive details specifically about Samsung Research America, Inc., it confirms its existence and relevance within Samsung's broader operational and strategic framework.","2021년 중 종속기업 Viv Labs, Inc.는 종속기업 Samsung Research America, Inc (SRA)에 합병되었습니다.",25.75,0.8333333333333334,0.0
Graph Hybrid,Tech Investor,‘그랑데 AI’ 인공지능 기반 세탁기ㆍ건조기 출시가 삼성전자의 성장에 어떤 영향을 미칠까요?,"The launch of the '그랑데 AI' AI-based washing machine and dryer is expected to have a positive impact on Samsung Electronics' growth from several perspectives:

1. **Innovation and Market Competitiveness**: The introduction of the '그랑데 AI' appliances aligns with Samsung's strategy to enhance its product offerings through innovative technology. By integrating AI features, these products are designed to improve energy efficiency and user experience, which can attract consumers looking for smart home solutions. This focus on innovation is crucial for maintaining competitiveness in the rapidly evolving home appliance market.

2. **Revenue Growth Potential**: The home appliance sector has shown promising growth, with a reported 15% revenue increase in Q3 2023. The launch of AI-driven products like the '그랑데 AI' is likely to further strengthen this trend by meeting the evolving demands of consumers, thereby contributing to overall sales growth and market share expansion.

3. **Alignment with Strategic Goals**: Samsung's ongoing investments in AI technology and its commitment to product development are reflected in the launch of the '그랑데 AI' appliances. This initiative is part of a broader strategy to leverage advancements in AI and semiconductor technologies, which are expected to enhance product efficiency and user satisfaction.

4. **Response to Market Trends**: The introduction of these AI-based appliances is also a strategic response to regulatory changes, such as North American refrigerant regulations, and the growing demand for energy-efficient products. By developing models that comply with these regulations and incorporate AI energy-saving technologies, Samsung can enhance its competitiveness and adaptability in the market.

5. **Risks and Challenges**: While the prospects are positive, there are risks to consider, including intensified competition in the global semiconductor market and potential supply chain disruptions. Samsung must navigate these challenges to fully realize the growth potential associated with the '그랑데 AI' launch.

In summary, the '그랑데 AI' washing machine and dryer are positioned to play a significant role in Samsung's growth strategy by enhancing product offerings, driving revenue, and aligning with market trends, although the company must remain vigilant about external risks that could impact its success.","경영활동과 관련된 중요한 사항의 발생 내용에 따르면, 2020년에 ‘그랑데 AI’ 인공지능 기반 세탁기ㆍ건조기 출시가 있었으며, 이는 삼성전자의 제품 혁신과 시장 경쟁력 강화를 위한 중요한 전략적 행보임을 알 수 있습니다.",42.34,1.0,0.9044132621479463
Graph Hybrid,Financial Analyst,2024.03. 20 | 정기주 총 | 사외이사 신제윤 (감사위원회 위원이 되에 대한 내용이 뭐야?,"On March 20, 2024, a regular shareholder meeting (정기주 총) is scheduled to take place at Samsung Electronics. During this meeting, various corporate matters will be discussed, including the appointment and roles of outside directors, such as Shin Je-yoon, who is a member of the Audit Committee. 

Shin Je-yoon serves as an external director at Samsung Electronics and holds significant positions within various committees, including the Audit Committee, where he oversees financial reporting and internal controls. His involvement in the Audit Committee is crucial for ensuring corporate governance and compliance with legal and regulatory requirements.

The shareholder meeting will likely address topics such as the company's dividend policy and shareholding status, which are essential for shareholders to understand the company's financial health and governance structure. 

In summary, the meeting will provide insights into Shin Je-yoon's role and contributions as an outside director and member of the Audit Committee, emphasizing the importance of corporate governance at Samsung Electronics.",2024.03. 20에 예정된 정기주총에서 사외이사 신제윤이 감사위원회 위원이 되는 내용이 포함되어 있습니다.,21.08,0.9333333333333333,0.7977853513771264
Graph Hybrid,Financial Analyst,2024년 3월 20일 주주총회에서 감사위원회 위원이 되는 사외이사 선임이 뭐야?,"The shareholders' meeting held on March 20, 2024, included discussions on various measures aimed at enhancing shareholder value and the approval of the shareholder return policy. However, the specific appointment of outside directors to the Audit Committee during this meeting was not explicitly mentioned in the available information. For detailed insights regarding the appointment of outside directors or specific actions taken by the Audit Committee, additional information would be required.",2024년 3월 20일 주주총회에서 조혜경 사외이사가 감사위원회 위원이 되는 사외이사로 선임됩니다. 이로 인해 2021년 동일한 방식으로 감사위원회 위원이 된 김선욱 사외이사는 2024년 3월 20일에 사임하게 됩니다.,20.64,1.0,0.0
Graph Hybrid,Financial Analyst,"2021년과 2023년 중에 이루어진 삼성전자의 상호 변경 사례는 무엇이며, 각각 어떤 기업의 이름이 변경되었나요?","2021년과 2023년 사이에 삼성전자의 상호 변경 사례는 다음과 같습니다:

1. **2021년**: 삼성전자는 ""Samsung Electronics Industrial Co., Ltd.""에서 ""Samsung Electronics Co., Ltd.""로 상호를 변경하였습니다. 이는 공식적인 기업 이름의 변경으로, 삼성전자의 브랜드 정체성을 강화하는 데 기여했습니다.

2. **2023년**: 삼성전자는 ""Samsung Display""라는 이름으로 알려진 디스플레이 패널 사업 부문을 운영하고 있으며, 이 부문은 삼성전자의 자회사로서 OLED 및 기타 디스플레이 기술을 개발하고 생산하고 있습니다. 그러나 2023년에는 별도의 상호 변경 사례가 확인되지 않았습니다.

따라서, 2021년에는 삼성전자의 공식 상호가 변경되었고, 2023년에는 별도의 상호 변경이 없었습니다.","2021년에는 종속기업인 Samsung Electronics Portuguesa S.A.가 Samsung Electronics Portuguesa, Unipessoal, Lda.로 변경되었고, 2023년에는 종속기업인 Emerald Intermediate, Inc.가 Samsung Display America Holdings, Inc.로 변경되었습니다.",25.56,0.6666666666666666,0.8653559455934757
Graph Hybrid,Financial Analyst,종속기업 Samsung Electronics Portuguesa S.A.의 이름이 2021년에 변경된 이유는 무엇인가요?,"Samsung Electronics Portuguesa S.A. changed its name in 2021, but the specific reasons for this name change are not detailed in the available information. The summary acknowledges the name change but does not provide insights into the rationale behind it. Therefore, I cannot provide a definitive answer regarding the reasons for the name change based on the knowledge graph.","2021년 중에는 종속기업 Samsung Electronics Portuguesa S.A. (SEP) 사명이 Samsung Electronics Portuguesa, Unipessoal, Lda. (SEP)로 변경되었습니다.",20.29,1.0,0.0
Graph Hybrid,Tech Investor,"종속기업 Viv Labs, Inc.이 뭐야?","Viv Labs, Inc.는 삼성 리서치 아메리카(Samsung Research America)와 2021년에 합병된 자회사입니다. Viv Labs는 인공지능(AI) 기술을 개발하는 회사로, 삼성의 AI 기술 통합 및 발전에 기여하고 있습니다. 합병 이후 Viv Labs의 기술과 인재는 삼성 리서치 아메리카의 연구 및 개발 활동에 포함되어, 삼성의 AI 전략을 강화하는 데 중요한 역할을 하고 있습니다.","2021년 중 종속기업 Viv Labs, Inc.는 종속기업 Samsung Research America, Inc (SRA)에 합병되었습니다.",20.29,0.2,0.8499154923869615
Graph Hybrid,Risk Manager,그랑데 AI 인공지능 세탁기 출시 위험 뭐야?,"그랑데 AI 인공지능 세탁기 출시와 관련된 위험 요소는 여러 가지가 있습니다. 

1. **규제 대응**: 북미 냉매 규제에 대응하기 위한 신모델 개발이 필요합니다. 이러한 규제는 제품 설계와 성능에 영향을 미칠 수 있으며, 시장 변화에 적절히 대응하지 못할 경우 경쟁력이 약화될 수 있습니다.

2. **경쟁 심화**: 글로벌 시장에서의 경쟁이 치열해짐에 따라, 소비자 트렌드 변화에 적절히 대응하지 못할 경우 발생할 수 있는 위험이 있습니다. 제품 혁신이 성공적으로 이루어지지 않거나 마케팅 전략이 효과적이지 않을 경우, 시장에서의 수요 감소와 매출 하락의 위험이 존재합니다.

3. **공급망 불안정성**: 글로벌 반도체 시장의 경쟁 심화와 공급망 불안정성도 위험 요소로 언급되고 있습니다. 이러한 리스크는 새로운 AI 기반 제품 출시 시에도 영향을 미칠 수 있습니다.

4. **고객 요구 대응**: 고객의 기대에 부응하지 못할 경우 발생할 수 있는 위험이 있으며, 이는 새로운 제품 출시 시 고객 서비스 및 제품 개발에 대한 전략적 접근이 필요함을 시사합니다.

삼성전자는 이러한 리스크를 관리하기 위해 철저한 시장 분석과 소비자 요구에 대한 이해, AI 기반의 에너지 절감 기술 등을 활용하고 있습니다.","경영활동과 관련된 중요한 사항의 발생 내용에 따르면, '그랑데 AI' 인공지능 기반 세탁기ㆍ건조기 출시는 2020년에 발생한 중요한 사항입니다.",31.7,1.0,0.8844853024549801
Graph Hybrid,Financial Analyst,2024.03. 20 정기주총에서 신제윤 사외이사(감사위원회 위원)가 어떤 역할을 맡았나요?,"신제윤 사외이사는 2024년 3월 20일 정기주주총회에서 감사위원회 위원으로서의 역할을 맡았습니다. 그는 감사위원회의 의장으로서 내부 통제 시스템을 감독하고, 재무 보고를 관리하며, 감사 활동을 감독하는 책임을 가지고 있습니다. 또한, 그는 여러 위원회의 위원으로도 활동하고 있으며, 외부 이사 후보 추천 위원회와 보상위원회에도 참여하고 있습니다. 이러한 역할을 통해 신제윤 사외이사는 삼성전자의 기업 거버넌스와 투명성을 강화하는 데 기여하고 있습니다.",2024.03. 20 정기주총에서 신제윤 사외이사는 감사위원회 위원이 되었습니다.,21.57,0.2857142857142857,0.7657757640860169
Graph Hybrid,Financial Analyst,2024년 3월 20일 김선욱 사외이사 퇴임이 뭐야?,"2024년 3월 20일 김선욱 사외이사가 퇴임하는 것은 삼성전자의 이사회에서의 그의 역할이 종료됨을 의미합니다. 김선욱은 삼성전자의 이사로 활동해왔으며, 퇴임일에 이사회 회의에 참석할 예정입니다. 이 퇴임은 삼성전자의 기업 거버넌스와 관련된 중요한 변화 중 하나로, 이사회의 구성과 운영에 영향을 미칠 수 있습니다.",2024년 3월 20일 김선욱 사외이사는 사외이사로 선임된 후 2024년 3월 20일 사임하여 퇴임하게 되었습니다.,21.4,0.6,0.8080917792802103
Graph Hybrid,Tech Investor,이 소유주식수 및 지분율이 최대주주와 특수관계인들의 합산 내역이라는 게 투자자로서 어떤 의미가 있어요?,"소유주식수 및 지분율이 최대주주와 특수관계인들의 합산 내역은 투자자에게 여러 중요한 의미를 가집니다:

1. **지배구조 이해**: 최대주주와 특수관계인의 지분율은 기업의 지배구조를 이해하는 데 중요한 요소입니다. 이들이 보유한 지분이 높을수록 기업의 의사결정에 대한 영향력이 커질 수 있습니다. 이는 투자자가 기업의 경영 방향과 전략을 예측하는 데 도움이 됩니다.

2. **투자 안정성**: 높은 지분율은 기업의 안정성을 나타낼 수 있으며, 이는 외부 투자자들에게 긍정적인 신호로 작용합니다. 안정적인 지배구조는 장기적인 투자 안정성을 제공할 수 있습니다.

3. **자본 조달의 유연성**: 전환권 행사와 같은 자본 조달 방식은 기업의 자본 구조를 강화하는 데 기여하며, 이는 투자자들에게 향후 성장 가능성을 높이는 기회로 작용할 수 있습니다. 이러한 자본 조달 방식은 기업의 성장 가능성을 높이는 데 중요한 역할을 합니다.

4. **리스크 관리**: 그러나 최대주주와 특수관계인의 지분이 지나치게 높을 경우, 외부 투자자들은 경영의 투명성이나 공정성에 대한 우려를 가질 수 있습니다. 따라서, 이 지분율은 투자 결정을 내리는 데 있어 중요한 고려사항이 됩니다. 법적 리스크와 공정 거래에 관한 규제도 고려해야 합니다.

결론적으로, 최대주주와 특수관계인들의 지분율은 기업의 지배구조, 안정성, 자본 조달 가능성 및 리스크 관리 측면에서 투자자에게 중요한 정보를 제공합니다.","이 소유주식수 및 지분율은 최대주주 및 그 특수관계인의 합산 내역이며, 의결권 있는 주식(기타 법률에 의해 의결권 행사가 제한된 주식도 포함) 기준입니다. 이는 최대주주와 그 특수관계인들이 회사의 의결권 행사에 미치는 영향을 파악하는 데 중요한 정보를 제공합니다.",36.94,1.0,0.8621293738389859
Graph Hybrid,Risk Manager,최대주주 관련 사항이 뭐야?,"Samsung Electronics is actively strengthening its ownership structure, particularly through its significant stake in Samsung Life Insurance, which is reported to be 8.60% as of June 30, 2025. This increase in shareholding is seen as an opportunity to enhance the stability of its governance structure. The company engages in mergers and acquisitions (M&A) activities, which also impact its subsidiary structure and overall business strategy. 

In terms of dividends, Samsung Electronics pays dividends to its shareholders, with yields of 2.7% for common stock and 3.3% for preferred stock projected for 2024. Dividends are distributed based on shareholder rights and are influenced by the shareholding ratio. The company has a regular board meeting scheduled for April 30, 2025, where such financial matters may be discussed.

Overall, Samsung Electronics' focus on strengthening its ownership and governance structure, alongside its financial strategies, reflects its commitment to maintaining a robust position in the global electronics market.","최대주주 관련 자세한 사항은 'VII. 주주에 관한 사항'을 참고하시기 바랍니다. 소유주식수 및 지분율은 최대주주 및 그 특수관계인의 합산 내역이며, 의결권 있는 주식(기타 법률에 의해 의결권 행사가 제한된 주식도 포함) 기준입니다.",25.99,0.8571428571428571,0.7730530736729564
Graph Hybrid,Financial Analyst,합병이란 뭐야?,"합병(M&A, Mergers and Acquisitions)은 두 개 이상의 기업이 결합하여 하나의 기업으로 통합되는 과정을 의미합니다. 이 과정은 기업의 성장 전략의 일환으로, 시장 점유율을 확대하거나 새로운 기술 및 자원을 확보하기 위해 수행됩니다. 삼성전자는 이러한 합병 및 인수 활동에 참여하고 있으며, 이는 자회사의 구조에 영향을 미치고 기업의 전략적 이니셔티브의 일환으로 논의됩니다. 합병은 기업의 운영 효율성을 높이고 경쟁력을 강화하는 데 기여할 수 있습니다.","2021년 중 종속기업 Viv Labs, Inc.는 종속기업 Samsung Research America, Inc (SRA)에 합병되었고, Prismview, LLC는 Samsung Electronics America, Inc. (SEA)에 합병되었습니다. 또한, 2023년 중 종속기업 Samsung Display America Holdings, Inc. (SDAH)는 eMagin Corporation 지분을 인수하였습니다.",20.02,0.3333333333333333,0.7948926866261434
Graph Hybrid,Tech Investor,삼성전자가 '그랑데 AI' 인공지능 기반 세탁기ㆍ건조기를 출시한 것이 시장에 어떤 영향을 미칠 것으로 예상하나요?,"삼성전자가 '그랑데 AI' 인공지능 기반 세탁기와 건조기를 출시함으로써 시장에 미칠 영향은 긍정적일 것으로 예상됩니다. 이 제품은 AI 기술을 접목하여 사용자 경험을 향상시키고, 에너지 효율성을 극대화하는 혁신적인 기능을 제공할 예정입니다. 특히, AI Energy Mode와 같은 기능은 소비자들에게 에너지 절약을 중시하는 제품으로 어필할 수 있습니다.

삼성전자는 북미 시장에서 16%의 고성장을 목표로 하고 있으며, 이러한 고효율 제품 라인업을 통해 경쟁력을 강화하고 시장 변화에 따른 기회를 적극적으로 활용할 것으로 보입니다. '그랑데 AI' 세탁기의 출시는 소비자들의 관심을 끌고, 시장 점유율 확대에 기여할 가능성이 높습니다.

또한, 삼성전자는 AI 및 모바일 경험 혁신에 집중하고 있으며, 이러한 제품 출시는 D2C(Direct to Consumer) 전략을 강화하여 직접 소비자 판매를 촉진할 수 있는 기회를 창출할 것입니다. 그러나 글로벌 반도체 시장의 경쟁 심화와 공급망 불안정성은 여전히 리스크로 작용할 수 있습니다.

결론적으로, '그랑데 AI' 제품의 성공적인 시장 진입은 삼성전자가 글로벌 시장에서의 경쟁력을 더욱 강화하는 데 중요한 역할을 할 것으로 기대됩니다.","경영활동과 관련된 중요한 사항의 발생 내용에 따르면, 2020년에 '그랑데 AI' 인공지능 기반 세탁기ㆍ건조기 출시가 있었으며, 이는 삼성전자의 제품 혁신과 시장 점유율 확대에 중요한 영향을 미칠 것으로 기대됩니다.",33.67,1.0,0.9001717923823618
Graph Hybrid,Financial Analyst,2024년 3월 20일 정기주총에서 신제윤 사외이사가 감사위원회 위원이 되는 것과 관련해서 어떤 의미가 있나요?,"신제윤 사외이사가 2024년 3월 20일 정기주주총회에서 감사위원회 위원으로 임명되는 것은 삼성전자의 경영 전략과 거버넌스에 중요한 의미를 가질 수 있습니다. 그의 임기는 2027년 3월 28일까지로 예정되어 있으며, 이는 회사의 전략적 방향성과 관련하여 중요한 전환점을 나타낼 수 있습니다.

신제윤은 삼성전자의 이사회에서 외부 이사로 활동하고 있으며, 감사위원회 의장으로서의 경험을 통해 회사의 재무 감사 및 내부 회계 관리에 대한 감독을 강화할 수 있습니다. 이는 회사의 ESG(환경, 사회, 지배구조) 전략과도 연관되어 있으며, 주주 가치를 증대시키기 위한 노력의 일환으로 해석될 수 있습니다.

또한, 그의 감사위원회에서의 역할은 삼성전자의 메모리 DRAM 및 System LSI 부문에서의 경쟁력 강화와 인재 관리 전략에 긍정적인 영향을 미칠 수 있으며, 향후 기술 혁신과 시장 경쟁력에 중요한 역할을 할 것으로 기대됩니다. 이러한 변화는 경영진의 변화와 함께 새로운 전략적 방향성을 제시할 수 있는 기회로 작용할 수 있습니다. 

결론적으로, 신제윤 사외이사의 감사위원회 위원 임명은 삼성전자의 거버넌스 및 전략적 방향에 중대한 영향을 미칠 것으로 보입니다.",2024년 3월 20일 정기주총에서는 신제윤 사외이사가 감사위원회 위원이 되는 내용이 포함되어 있습니다. 이는 신제윤 사외이사가 감사위원회 위원으로서 회사의 재무 감시와 내부 통제 역할을 수행하게 됨을 의미합니다.,33.75,0.9166666666666666,0.8137563516269584
Graph Hybrid,Financial Analyst,2024년 3월 20일 김선욱 사외이사 퇴임이 회사 재무 안정성에 어떤 영향이 있어?,"김선욱 사외이사의 퇴임이 삼성전자의 재무 안정성에 미치는 영향에 대한 직접적인 언급은 없습니다. 그러나, 부사장급 임원들이 안정적인 리더십을 통해 전략적 의사결정을 내리고 있다는 점은 중요합니다. 이들 임원들은 오랜 경험을 바탕으로 하고 있으며, 이는 재무 안정성에 긍정적인 영향을 미칠 수 있습니다. 

한편, 글로벌 반도체 시장의 경쟁이 치열해짐에 따라 리스크가 존재하며, 지속적인 기술 개발과 시장 대응 전략이 필요하다는 점도 고려해야 합니다. 또한, 삼성바이오로직스가 회계 조정과 관련된 법적 분쟁에 직면해 있어, 이는 회사의 재무 안정성에 부정적인 영향을 미칠 수 있습니다. 

결론적으로, 김선욱 사외이사의 퇴임이 재무 안정성에 미치는 영향은 부사장급 임원들의 전문성과 리더십의 지속성에 따라 달라질 수 있으며, 현재의 법적 문제들도 중요한 변수로 작용할 수 있습니다.","2024년 3월 20일 김선욱 사외이사는 사외이사로서 감사위원회 위원이 되는 역할을 수행하다가 퇴임하게 되었습니다. 이 퇴임은 주주총회에서 조혜경 사외이사가 새로 선임됨에 따른 것으로, 김선욱 사외이사의 퇴임이 회사의 재무 안정성에 미치는 구체적인 영향에 대한 내용은 제공된 자료에 포함되어 있지 않습니다.",29.0,1.0,0.0
Graph Hybrid,Financial Analyst,삼성전자의 '마. 합병 등에 관한 사항'은 어떤 내용을 포함하고 있나요?,"삼성전자의 '마. 합병 등에 관한 사항'은 주로 다음과 같은 내용을 포함합니다:

1. **M&A 활동**: 삼성전자는 합병 및 인수(M&A) 활동에 적극적으로 참여하고 있으며, 이는 사업 전략의 일환으로 논의됩니다. 이러한 M&A 활동은 자회사의 구조에 영향을 미치고, 삼성의 전체적인 사업 전략에 중요한 역할을 합니다.

2. **자회사 관리**: 삼성전자는 여러 해외 자회사를 통제하고 있으며, 이들 자회사는 한국 내에서 운영됩니다. 자회사들은 삼성전자의 재무 데이터 제공, 자금 지원, 그리고 관련 당사자 거래에 포함됩니다.

3. **전략적 투자**: 삼성전자는 신기술 투자 조합과 같은 투자 기금을 설립하여 새로운 기술에 대한 투자를 진행하고 있습니다. 이는 회사의 성장과 혁신을 도모하는 데 기여합니다.

4. **경쟁 상황**: 삼성전자는 다른 글로벌 전자 기업들과 경쟁하고 있으며, 이러한 경쟁은 M&A 전략에도 영향을 미칠 수 있습니다.

이와 같은 내용들은 삼성전자가 시장에서의 위치를 강화하고, 지속 가능한 성장을 도모하기 위한 전략적 결정의 일환으로 볼 수 있습니다.","2021년 중 종속기업 Viv Labs, Inc.는 종속기업 Samsung Research America, Inc (SRA)에 합병되었으며, Prismview, LLC는 Samsung Electronics America, Inc. (SEA)에 합병되었습니다. 또한, 2023년 중 종속기업 Samsung Display America Holdings, Inc. (SDAH)는 eMagin Corporation 지분을 인수하였습니다. 이와 같은 내용이 '마. 합병 등에 관한 사항'에 포함되어 있습니다.",23.96,0.5882352941176471,0.8441568319636743
Graph Hybrid,Risk Manager,소유주식수 및 지분율이 뭐야?,"소유주식수 및 지분율에 대한 구체적인 정보는 제공되지 않았습니다. 여러 커뮤니티 요약에서는 삼성전자가 레인보우로보틱스의 20.3%를 인수했으며, 주식기준보상약정에 따라 보통주를 부여할 예정이라는 내용이 포함되어 있지만, 정확한 소유주식수나 지분율에 대한 수치는 명시되어 있지 않습니다. 또한, 삼성전자는 275개의 종속기업과 34개의 관계기업을 연결대상으로 하고 있지만, 이들에 대한 구체적인 소유주식수 및 지분율 정보는 없습니다. 따라서, 이와 관련된 정보는 불확실합니다.","소유주식수 및 지분율은 최대주주 및 그 특수관계인의 합산 내역이며, 의결권 있는 주식(기타 법률에 의해 의결권 행사가 제한된 주식도 포함)을 기준으로 합니다. 자세한 사항은 'VII. 주주에 관한 사항'을 참고하시기 바랍니다.",23.64,0.8571428571428571,0.0
Graph Hybrid,Tech Investor,"종속기업 Viv Labs, Inc.의 최근 경영 활동이나 변화에 대해 어떤 정보가 있나요?","Viv Labs, Inc.는 2021년에 삼성 리서치 아메리카(Samsung Research America, Inc.)와 합병되었습니다. 이로 인해 Viv Labs는 삼성 리서치 아메리카의 일부가 되었으며, 현재는 독립적인 운영을 하지 않고 있습니다. Viv Labs는 인공지능(AI) 기술을 개발하는 회사로 알려져 있으며, 삼성의 AI 기술 통합 및 연구 개발(R&D) 활동에 기여하고 있습니다. 

따라서 Viv Labs의 최근 경영 활동이나 변화에 대한 정보는 주로 삼성 리서치 아메리카의 전략과 방향에 통합되어 있다고 볼 수 있습니다.","2021년 중 종속기업 Viv Labs, Inc.는 종속기업 Samsung Research America, Inc (SRA)에 합병되었습니다.",29.83,0.6666666666666666,0.8409385862934593
Graph Hybrid,Tech Investor,경영활동과 관려된 중요사안 발생내역이 뭐야?,"삼성전자의 경영활동과 관련된 중요사안은 다음과 같습니다:

1. **글로벌 시장 확장**: 삼성전자는 전자제품 및 오디오 제품의 생산과 판매를 확대하고 있으며, 특히 Harman의 인수와 관련된 전략적 투자를 통해 오디오 시장에서의 입지를 강화하고 있습니다. 2025년 5월 7일에는 Masimo Corporation의 소비자 오디오 사업부문 인수 계약이 체결될 예정입니다.

2. **주주 가치 제고**: 2024년 3월 20일 제55기 정기주주총회에서 주주환원 정책을 유지하기로 결정하였으며, 연간 9.8조원의 정규 배당을 실시할 예정입니다. 2025년 반기 연구개발비용은 18조 641억원으로 예상되며, 매출액 대비 연구개발비 비율은 11.8%에 이를 것으로 보입니다.

3. **재무 성과**: 2023년 3분기 동안 1,730,993억 원의 매출을 기록하며 안정적인 성장을 이어가고 있으며, 메모리 사업부의 가동률이 100%에 달하는 긍정적인 경영활동이 나타나고 있습니다.

4. **신기술 투자**: SVIC 74호 신기술투자조합의 설립은 신기술 및 벤처기업에 대한 투자 확대를 나타내며, 이는 미래 성장 산업을 선도할 기회를 확보하는 중요한 경영활동으로 평가됩니다.

5. **M&A 활동**: 삼성전자는 Rainbow Robotics USA를 인수하였으며, 이는 로봇 및 자동화 기술 분야에서의 확장을 의미합니다.

6. **리스크 관리**: 글로벌 시장에서의 경쟁 심화와 기술 혁신에 따른 리스크 관리가 필요하며, 각 지역의 경제적 불확실성과 경쟁사의 기술 발전은 리스크 요소로 작용할 수 있습니다.

7. **지배구조 강화**: 삼성전자는 삼성생명보험㈜의 최대주주 변동을 통해 지배구조를 강화하고 있으며, 자사주 매입을 통해 주주 가치를 제고하고 있습니다.

8. **기술 혁신**: 삼성전자는 AI 및 반도체 시장에서의 경쟁력을 높이기 위해 지속적인 기술 혁신과 성능 개선을 추진하고 있으며, GDDR7 D램 개발과 같은 고성능 메모리 제품을 통해 시장 점유율을 확대할 기회를 모색하고 있습니다.

이러한 요소들은 삼성전자의 경영활동에 중요한 영향을 미치는 사안들로, 지속적인 성장과 시장 점유율 확대를 위한 전략적 접근이 필요합니다.","경영활동과 관련된 중요한 사항의 발생내용에는 2020년 '그랑데 AI' 인공지능 기반 세탁기ㆍ건조기 출시, AIㆍ차세대 슈퍼컴퓨터용 초고속 DRAM 출시, 'Galaxy Z 플립' 최초 폴더블폰 공개, 세계 최대 규모 평택 반도체 2라인 가동이 포함됩니다. 2021년에는 'Neo QLED TV' 공개, 전세계 반도체 업체 최초 전 사업장 '탄소/물/폐기물 저감' 인증, 업계 최선단 14나노 EUV DDR5 D램 양산, 미국 테일러시 투자 발표가 있었고, 2022년에는 BESPOKE 인피니트 라인 공개, 세계 최초 3나노 GAA 파운드리 양산, 차세대 반도체 R&D단지 기공식, 1Tb 8세대 V낸드 양산이 진행되었습니다. 2023년에는 초고화소 기술이 집약된 2억 화소 이미지센서 '아이소셀 HP2' 출시와 업계 최선단 12나노급이 포함됩니다.",74.91,1.0,0.7964735615364508
Graph Hybrid,Tech Investor,2024.03. 20 | 정기주 총 | 사외이사 신제윤 (감사위원회 위원이 되 맞나요?,"On March 20, 2024, during the regular shareholders' meeting of Samsung Electronics, Shin Je-yoon was appointed as an outside director and a member of the Audit Committee. His term is set to last until March 28, 2027. The meeting's agenda included various measures aimed at enhancing shareholder value, and it also involved the approval of the compensation limit for directors. However, while the summary indicates his appointment, it does not provide specific details about any future roles he may take on after his term ends. Therefore, it confirms his current position but does not address potential future appointments beyond 2027.","네, 2024.03. 20에 정기주총에서 사외이사 신제윤이 감사위원회 위원이 되는 것으로 확인됩니다.",23.44,0.5,0.0
Graph Hybrid,Tech Investor,"2021년 중에 이름이 Samsung Electronics Portuguesa, Unipessoal, Lda.로 변경된 종속기업인 Samsung Electronics Portuguesa S.A.의 변경 사유와 그 영향은 무엇이며, 이러한 변경이 삼성전자의 글로벌 시장 전략에 어떤 의미를 갖는지 상세히 설명해 주시겠습니까?","2021년 중에 삼성전자의 포르투갈 법인이 Samsung Electronics Portuguesa S.A.에서 Samsung Electronics Portuguesa, Unipessoal, Lda.로 이름을 변경한 이유는 명확히 언급되어 있지 않지만, 일반적으로 기업의 이름 변경은 브랜드 이미지 개선, 법적 요구사항 충족, 또는 사업 전략의 변화와 관련이 있을 수 있습니다. 이러한 변경은 삼성전자의 글로벌 시장 전략에 긍정적인 영향을 미칠 수 있으며, 특히 유럽 시장에서의 인지도를 높이고, 현지화된 전략을 강화하는 데 기여할 수 있습니다.

삼성전자는 유럽 및 아시아 시장에서의 판매 확대와 연구개발(R&D) 투자 강화를 통해 기회를 모색하고 있으며, 이러한 이름 변경은 이러한 전략의 일환으로 볼 수 있습니다. 즉, 새로운 이름은 삼성전자가 포르투갈 및 유럽 시장에서의 입지를 더욱 확고히 하고, 현지 소비자와의 관계를 강화하는 데 도움이 될 수 있습니다. 

결론적으로, 삼성전자의 포르투갈 법인의 이름 변경은 글로벌 사업 확장과 R&D 투자에 대한 지속적인 노력을 반영하는 중요한 변화로 해석될 수 있으며, 이는 삼성전자가 글로벌 시장에서의 경쟁력을 높이기 위한 전략적 결정으로 볼 수 있습니다.","2021년 중에 종속기업 Samsung Electronics Portuguesa S.A.는 Samsung Electronics Portuguesa, Unipessoal, Lda.로 사명이 변경되었습니다. 이는 해당 기업의 명칭 변경에 따른 사유와 그 영향에 대한 구체적인 내용은 제공된 자료에 포함되어 있지 않으며, 이러한 변경이 삼성전자의 글로벌 시장 전략에 어떤 의미를 갖는지에 대한 정보도 명시되어 있지 않습니다. 따라서, 제공된 자료 내에서 확인할 수 있는 내용은 이름 변경 사실과 관련된 사항뿐입니다.",32.01,0.9090909090909091,0.0
Graph Hybrid,Financial Analyst,가동률 및 생산실적이 어떻게 영향을 미치는지에 대해 설명해줄수 있니?,"가동률 및 생산실적은 삼성전자의 전반적인 성과와 수익성에 중요한 영향을 미칩니다. 높은 가동률은 생산 시설의 효율성을 나타내며, 이는 매출 증가에 직접적인 기여를 합니다. 예를 들어, 삼성전자의 메모리 사업부 가동률이 100%에 달하는 경우, 이는 생산성이 극대화되고 있음을 의미하며, 2023년 3분기 동안 삼성전자가 기록한 1,730,993억 원의 매출은 이러한 높은 가동률 덕분에 가능했을 것입니다.

가동률이 높을수록 재고 관리와 비용 절감에 긍정적인 영향을 미쳐 기업의 전반적인 재무 성과를 개선하는 데 기여합니다. 또한, 삼성전자의 반도체 및 전자제품 부문에서의 성과는 가동률 및 생산실적에 크게 의존하고 있으며, 이는 시장에서의 경쟁력을 강화하는 데 필수적입니다. 

예를 들어, 삼성전자는 메모리 솔루션 부문에서 약 40%의 총 매출을 차지하고 있으며, 이 부문에서의 판매 증가가 생산 실적의 향상과 밀접하게 연결되어 있습니다. 따라서, 가동률과 생산실적은 삼성전자의 지속 가능한 성장과 기술 혁신에 필수적인 요소로 작용하고 있습니다.

결론적으로, 가동률과 생산실적은 삼성전자의 수익성, 시장 경쟁력, 그리고 전반적인 재무 성과에 중대한 영향을 미치는 핵심 요소입니다.","당사 DX 부문의 2025년(제57기) 3분기 가동률은 생산능력 대비 생산실적으로 산출하였으며, TV, 모니터 등은 77.2%, 스마트폰 등은 79.7%입니다. 또한, DS 부문의 메모리 사업과 SDC의 디스플레이 패널 사업은 24시간 3교대 작업을 실시하고 있으며, 가동률은 생산라인별 가동 가능시간 대비 실제 가동 시간으로 산출하였습니다.",39.12,1.0,0.8377204664267633
Graph Hybrid,Financial Analyst,Harman의 2025년 3분기 가동률이 73.1%인 이유는 무엇인가요?,"Harman의 2025년 3분기 가동률이 73.1%인 이유에 대한 구체적인 정보는 제공된 지식 그래프에 포함되어 있지 않습니다. 그러나 Harman은 다양한 오디오 및 자동차 전자 제품을 개발하고 공급하는 조직으로, 2025년 3분기 동안의 재무 보고서와 관련된 여러 활동이 있었음을 알 수 있습니다. 이 시기에 생산 확장, 특허 등록, 자산 거래 등 여러 중요한 사건이 발생했으며, 이러한 요소들이 가동률에 영향을 미쳤을 가능성이 있습니다. 

정확한 이유는 명시되어 있지 않으므로, 추가적인 정보가 필요할 수 있습니다.",Harman의 2025년(제57기) 3분기 가동률은 생산능력 대비 생산실적으로 산출하였으며 73.1%입니다.,17.12,0.8571428571428571,0.0
Graph Hybrid,Financial Analyst,해외 (DX 부문 산 하 9개 지역총괄) 이라는 말이 어떻게 쓰여졌는지 알수있나요?,"Based on the knowledge graph, there is no specific information regarding the phrase ""해외 (DX 부문 산 하 9개 지역총괄)"" or its usage. The context appears to be related to Samsung Electronics and its Device eXperience (DX) division, which produces various consumer electronics. However, the exact phrase and its application are not detailed in the provided data. Therefore, I cannot provide a definitive answer regarding how this phrase is used.","해외 (DX 부문 산 하 9개 지역총괄 )는 북미 총괄, 유럽 총괄, 중국 총괄, 동남아 총괄 등 9개 지역총괄을 의미합니다.",22.36,0.7142857142857143,0.0
Graph Hybrid,Risk Manager,"DS 부문의 메모리 사업과 관련하여 현재의 생산능력, 가동률, 그리고 잠재적 비즈니스 리스크는 무엇이며, 이러한 요소들이 향후 규제 문제나 공급망 문제에 어떤 영향을 미칠 수 있습니까?","Samsung Electronics' Device Solutions (DS) division, which encompasses its memory business, is currently experiencing a production capacity utilization rate of 100%. This indicates that the division is operating at full capacity, with significant sales reported at approximately 20 trillion won for memory products in the third quarter of 2023, reflecting a 15% increase compared to the previous year. The division is also expected to continue enhancing its production capabilities with plans to mass-produce advanced memory technologies, such as the 9th generation V-NAND and GDDR7 DRAM, in the coming years.

However, the memory business faces several potential risks. These include intensified competition in the global semiconductor market, regulatory challenges, and supply chain instability. The competitive landscape is particularly fierce, with ongoing technological advancements from rivals and potential regulatory hurdles in key markets, such as China. Additionally, the division must navigate risks associated with fluctuating demand in sectors like automotive, which could indirectly impact memory sales.

The high utilization rate and stable production capacity are generally positive for supply chain management, as they can help mitigate supply chain disruptions. However, the potential for legal sanctions and regulatory scrutiny poses a risk that could negatively affect operational stability. As Samsung continues to invest heavily in research and development—approximately 5 trillion won annually for memory solutions—these investments are aimed at not only enhancing production capabilities but also addressing the challenges posed by market competition and regulatory environments.

In summary, while Samsung's DS division is currently operating at full capacity with strong sales growth, it must remain vigilant against competitive pressures and regulatory risks that could impact its future performance and supply chain stability.","DS 부문의 메모리 사업은 24시간 3교대 작업을 실시하고 있으며, 2025년(제57기) 3분기 가동일은 휴일을 포함하여 총 273일입니다. 현재 생산능력은 1,638,875,991 대에서 2,238,240,405 대로 증가하였으며, 가동률은 77.2%입니다. 이러한 생산 실적과 가동률은 잠재적 비즈니스 리스크, 규제 문제, 공급망 문제와 밀접한 관련이 있으며, 생산능력과 가동률의 변화는 향후 시장 수요와 규제 환경에 따라 영향을 받을 수 있습니다.",93.22,0.8888888888888888,0.8220899962408664
Graph Hybrid,Financial Analyst,가동 가능시간이 무엇인지 설명해 주실 수 있나요?,"가동 가능시간은 특정 시스템이나 장비가 실제로 운영될 수 있는 시간을 의미합니다. 이 개념은 주로 생산성과 관련이 있으며, 시스템의 효율성을 평가하는 데 중요한 요소입니다. 예를 들어, 반도체 및 FPD 장비의 가동 가능시간은 해당 장비가 얼마나 자주 사용되고, 얼마나 오랫동안 정상적으로 작동하는지를 나타냅니다. 

가동 가능시간은 또한 감사와 관련된 시간, 즉 감사계약내역에서 언급된 감사 시간과도 연결될 수 있습니다. 이 경우, 감사가 수행되는 시간은 감사의 질과 결과에 영향을 미칠 수 있습니다. 

따라서 가동 가능시간은 시스템의 운영 효율성을 평가하고, 생산성을 높이는 데 중요한 지표로 작용합니다.","가동 가능시간은 가동일에 생산라인 수와 24시간을 곱하여 산출한 시간으로, 실제 가동 시간과 대비하여 계산됩니다.",32.38,0.0,0.7952599639058306
Graph Hybrid,Financial Analyst,Harman의 2025년 3분기 가동률은 얼마인가요?,"Based on the information from the knowledge graph, there is no specific data regarding Harman's operational rate for the third quarter of 2025. The graph provides details about Harman's divisions, revenue contributions, and partnerships, but it does not include any figures or projections related to operational rates for that specific period. Therefore, I don't know the operational rate for Harman in Q3 2025.",Harman의 2025년(제57기) 3분기 가동률은 생산능력 대비 생산실적으로 산출하였으며 73.1%입니다.,20.34,1.0,0.0
Graph Hybrid,Financial Analyst,삼성전자의 DX 부문은 어떤 제품군에서 주로 어떤 생산 실적을 기록하고 있나요?,"삼성전자의 DX(Device eXperience) 부문은 다양한 전자 제품군에서 주로 생산 실적을 기록하고 있습니다. 이 부문은 스마트폰, TV, 고성능 노트북, 가전 제품 등에서 두드러진 성과를 보이고 있습니다.

1. **스마트폰**: DX 부문은 Galaxy S24와 Galaxy S25 시리즈와 같은 혁신적인 스마트폰 제품군에서 성과를 내고 있습니다. Galaxy S24는 AI폰으로서 삼성의 기술 혁신을 상징하며, 2024년에는 12.3억 대의 스마트폰 판매 성장이 예상됩니다.

2. **TV**: 고급 TV 라인업인 Neo QLED 8K와 OLED TV에서 생산 실적을 기록하고 있습니다. Neo QLED 8K는 8K AI Upscaling Pro 기술을 적용하여 화질을 개선하고 있으며, 2025년 3월에 QN900 모델이 출시될 예정입니다.

3. **가전 제품**: 에너지 효율성을 높인 냉장고와 세탁기 제품군에서도 성과를 보이고 있습니다. 특히, AI Energy Mode와 같은 혁신적인 기술을 적용한 제품들이 출시되고 있으며, 2024년 12월에는 24kg 용량의 그랑데 AI 세탁기가 출시될 예정입니다.

4. **노트북**: Galaxy Book 시리즈는 최신 인텔 프로세서와 고속 메모리 기술을 탑재하여 성능을 극대화하고 있으며, 2024년에는 Galaxy Book4 시리즈와 Galaxy Book5 시리즈가 출시될 예정입니다.

5. **오디오 및 웨어러블 기기**: Galaxy Watch 시리즈와 Galaxy Buds3 Pro와 같은 제품들이 고도화된 건강 관리 기능과 프리미엄 오디오 경험을 제공하며, 시장에서의 경쟁력을 강화하고 있습니다.

이 외에도 DX 부문은 B2B 및 디지털 사이니지 시장에서도 다양한 제품군과 기술적 혁신을 통해 생산 실적을 기록하고 있습니다. 전반적으로 삼성전자의 DX 부문은 스마트폰과 TV 시장에서의 성과가 두드러지며, 다양한 혁신 제품을 통해 시장 점유율을 확대하고 있습니다.","삼성전자의 DX 부문은 TV, 모니터 등과 스마트폰 등에서 각각 32,843대와 161,012대의 생산 실적을 기록하고 있으며, 가동률은 각각 77.2%와 79.7%입니다.",40.86,1.0,0.8627260487445076
Graph Hybrid,Tech Investor,Harman의 2025년 3분기 가동률이 73.1%인 이유는 뭐야?,"Harman의 2025년 3분기 가동률이 73.1%인 이유는 구체적으로 명시되어 있지 않지만, 이 수치는 Harman의 디지털 콕핏 제품의 생산률을 나타내는 것으로 보입니다. 가동률은 일반적으로 생산 능력과 실제 생산량의 비율을 나타내며, 이는 여러 요인에 의해 영향을 받을 수 있습니다. 예를 들어, 시장 수요, 생산 효율성, 공급망 문제, 기술적 요인 등이 가동률에 영향을 미칠 수 있습니다. 

따라서, Harman의 73.1% 가동률은 이러한 다양한 요소들이 복합적으로 작용한 결과일 가능성이 높습니다. 추가적인 세부 사항이나 특정 원인에 대한 정보는 제공되지 않았습니다.",Harman의 2025년(제57기) 3분기 가동률은 생산능력 대비 생산실적으로 산출하였으며 73.1%입니다.,20.17,1.0,0.0
Graph Hybrid,Tech Investor,"해외 (DX 부문 산하 9개 지역총괄) 이라는 말이 어떻게 쓰여졌는지 잘못 쓴거 같은데, 맞나요?","Based on the information from the knowledge graph, the term ""해외 (DX 부문 산하 9개 지역총괄)"" seems to refer to the international operations or regional management under the Device eXperience (DX) division of Samsung Electronics. However, there is no specific mention of ""9개 지역총괄"" (which translates to ""9 regional headquarters"") in the provided data. 

The DX division is known for producing consumer electronics such as TVs, smartphones, and home appliances, and it generates a significant portion of Samsung's revenue. While the DX division operates globally, the exact number of regional headquarters or their specific designations is not detailed in the knowledge graph.

Therefore, it is unclear if the phrase is used correctly or if it is a misrepresentation, as the knowledge graph does not provide sufficient context or confirmation regarding the ""9 regional headquarters.""","네, 문맥상 '해외 (DX 부문 산하 9개 지역총괄)'라는 표현이 '해외 (DX 부문 산 하 9개 지역총괄)'로 잘못 표기된 것으로 보입니다. 이는 '산하'가 올바른 표현입니다.",23.83,0.875,0.0
Graph Hybrid,Financial Analyst,메모리라는 용어가 삼성전자의 생산능력과 가동률에 어떤 영향을 미치는지 알 수 있나요?,"메모리라는 용어는 삼성전자의 생산능력과 가동률에 중요한 영향을 미칩니다. 삼성전자의 메모리 사업부는 DRAM 및 NAND와 같은 메모리 제품을 생산하며, 이 부문은 회사의 핵심 제품군 중 하나로, 전체 매출의 약 40%를 차지합니다. 메모리 제품의 수요가 증가함에 따라, 삼성전자는 메모리 제조기술을 지속적으로 개발하고 있으며, 이는 생산능력의 향상과 가동률의 최적화에 기여하고 있습니다.

특히, 메모리 사업부의 가동률이 100%에 달하는 것은 메모리 제품의 생산이 최대한 이루어지고 있음을 나타내며, 이는 안정적인 매출 성장을 지원합니다. 예를 들어, 2023년 3분기 동안 메모리 사업부의 매출이 844,630억 원에 달한 것은 이러한 높은 가동률과 관련이 있습니다. 또한, 삼성전자는 GDDR7 DRAM과 같은 고성능 메모리 제품의 개발을 통해 AI 및 고성능 컴퓨팅(HPC) 시장에서의 경쟁력을 강화하고 있으며, 이는 메모리 기술의 발전이 생산능력과 가동률에 긍정적인 영향을 미칠 수 있음을 시사합니다.

그러나 메모리 시장의 경쟁이 치열해짐에 따라, 지속적인 기술 혁신이 필요하며, 이는 삼성전자의 생산성과 수익성에 직접적인 영향을 미칠 수 있습니다. 따라서 메모리 기술의 발전은 삼성전자의 전반적인 생산성과 수익성에 긍정적인 영향을 미친다고 할 수 있습니다.","메모리 사업은 DS 부문에서 중요한 역할을 하며, 2025년 3분기 가동률은 생산능력 대비 79.7%로 나타났습니다. 이는 24시간 3교대 작업과 273일의 가동일을 통해 생산이 이루어지고 있음을 보여줍니다.",37.9,1.0,0.8667313423205065
Graph Hybrid,Financial Analyst,생산라인 수는 무엇을 나타내나요?,"The knowledge graph does not provide specific information regarding the number of production lines or what they represent. Therefore, I don't know based on the knowledge graph.","생산라인 수는 가동 가능시간 대비 실제 가동 시간으로 산출된 것으로, 각 부문의 생산 능력을 나타냅니다.",18.71,1.0,0.0
Graph Hybrid,Risk Manager,가동률이란 무엇을 의미하나요?,"가동률은 특정 기간 동안 생산 시설이나 기계가 실제로 가동된 시간의 비율을 나타내는 지표입니다. 이는 생산 효율성을 평가하는 중요한 지표로, 가동률이 높을수록 생산 시설이 최대 용량으로 운영되고 있음을 의미합니다. 예를 들어, 삼성전자의 메모리 사업부의 가동률이 100%에 달한다면, 이는 해당 사업부의 생산 시설이 안정적으로 운영되고 있으며, 이는 매출 증가에도 긍정적인 영향을 미칠 수 있습니다. 

따라서 가동률은 기업의 생산성과 수익성에 중요한 역할을 하며, 특히 반도체와 같은 고부가가치 산업에서 그 중요성이 더욱 부각됩니다.","가동률은 생산라인 별 가동 가능시간(가동일 × 생산라인 수 × 24시간) 대비 실제 가동 시간으로 산출하며, 예를 들어 Harman의 2025년(제57기) 3분기 가동률은 생산능력 대비 생산실적으로 산출하여 73.1%입니다.",24.2,0.5714285714285714,0.7841315818877228
Graph Hybrid,Tech Investor,삼성전자의 DS 부문이 최근 실적이나 성장 잠재력에 대해 어떤 정보를 제공하고 있나요?,"삼성전자의 DS (Device Solutions) 부문은 최근 실적과 성장 잠재력에 대해 긍정적인 정보를 제공하고 있습니다. 2023년 3분기 기준으로 DS 부문은 매출 76조 원과 영업이익 10조 원을 기록하며 성장을 이어가고 있습니다. 이 부문은 전체 매출의 약 40%를 차지하고 있으며, 메모리 제품의 매출이 전년 대비 15% 증가하여 20조 원에 달했습니다. 

특히, DS 부문은 고성능 메모리 제품의 개발과 AI 기술의 접목을 통해 향후 시장 경쟁력을 더욱 강화할 것으로 예상됩니다. HBM3E D램과 같은 주요 제품의 출시가 DS 부문의 성장 잠재력을 높이는 요소로 작용하고 있으며, 2024년에는 새로운 10nm급 DRAM 제품을 출시할 계획입니다. 

또한, 삼성전자는 AI 및 클라우드 컴퓨팅의 성장으로 인해 메모리 수요가 지속적으로 증가할 것으로 예상하고 있으며, 이는 새로운 기회를 창출할 수 있는 기반이 될 것입니다. DS 부문은 반도체 및 네트워크 전략 마케팅에 중점을 두고 있으며, 고객 만족도를 높이기 위한 다양한 협력과 혁신적인 마케팅 전략을 통해 매출 증가를 도모하고 있습니다.

결론적으로, 삼성전자의 DS 부문은 기술 혁신과 시장 대응 전략을 통해 지속적인 성장을 이루고 있으며, 향후에도 반도체 시장에서의 경쟁력을 강화할 것으로 기대됩니다.","제공된 자료에 따르면, DS 부문은 메모리 사업과 SDC의 디스플레이 패널 사업이 포함되어 있으며, 2025년 제57기 3분기 가동률은 각각 메모리 사업이 79.7%이고, 디스플레이 패널 사업은 77.2%입니다. 또한, 메모리 사업은 1,638,875,991 단위의 생산실적을 기록했고, 디스플레이 패널은 1,361 단위의 생산실적을 보였습니다. 이와 같은 생산 실적과 가동률은 DS 부문의 성장 잠재력을 보여주는 지표로 볼 수 있습니다.",38.9,1.0,0.8502681867258519
Graph Hybrid,Risk Manager,Harman의 2025년 3분기 가동률이 73.1%인 이유는 무엇입니까?,"Harman의 2025년 3분기 가동률이 73.1%인 이유는 여러 요인에 기인할 수 있습니다. 우선, Harman은 연결된 자동차 및 오디오 제품을 개발하고 공급하는 기업으로, 자동차 산업과 오디오 시장에 서비스를 제공합니다. 이와 함께, Harman은 디지털 콕핏 시스템을 위한 시스템 온 칩(SOC)을 생산하고 있으며, 이러한 제품의 생산 효율성은 가동률에 직접적인 영향을 미칠 수 있습니다.

또한, Harman은 2025년 3분기 동안 27조 원을 R&D에 투자했으며, 이는 기술 혁신과 생산 효율성을 높이는 데 기여했을 가능성이 있습니다. R&D 투자로 인해 새로운 제품 개발 및 생산 공정 개선이 이루어졌다면, 이는 가동률을 높이는 데 긍정적인 영향을 미쳤을 것입니다.

결론적으로, Harman의 2025년 3분기 가동률이 73.1%인 것은 생산 효율성, R&D 투자, 그리고 자동차 및 오디오 시장의 수요와 같은 여러 요인들이 복합적으로 작용한 결과로 볼 수 있습니다.",Harman의 2025년(제57기) 3분기 가동률은 생산능력 대비 생산실적으로 산출하였으며 73.1%입니다.,25.31,0.4444444444444444,0.0
Graph Hybrid,Tech Investor,"국내 (DX 부문, DS 부문, SDC 산하 12개 사업장) 어디에 있어요?","Samsung Electronics, headquartered in Suwon, Korea, operates through several key divisions, including the Device eXperience (DX) division, the Device Solutions (DS) division, and the Samsung Display Corporation (SDC). 

1. **Device eXperience (DX) Division**: This division focuses on consumer electronics, producing a wide range of products such as TVs, smartphones, home appliances (including refrigerators, washing machines, and air conditioners), and monitors. The DX division is integral to Samsung's global electronics business and contributes significantly to the company's revenue and operating profit.

2. **Device Solutions (DS) Division**: The DS division specializes in semiconductors and system LSI, producing products like DRAM, NAND Flash, and mobile application processors. It also provides foundry services and is a major revenue generator for Samsung Electronics.

3. **Samsung Display Corporation (SDC)**: SDC is responsible for developing and producing display panels, including OLED panels for smartphones and other devices. While the specific locations of the 12 business sites under SDC are not detailed in the provided information, it is known that SDC operates within Korea.

While the exact locations of the 12 business sites under SDC are not specified, all these divisions are part of Samsung Electronics, which is headquartered in Suwon, Korea. If you need more specific information about the locations of these business sites, that detail is not available in the current knowledge graph.","국내 (DX 부문, DS 부문, SDC 산하 12개 사업장)은 수원사업장, 서초사업장, 우면사업장, 기흥사업장, 화성사업장, 평택사업장, 천안사업장, 온양사업장, 아산사업장, 구미1사업장, 구미2사업장, 광주사업장 등 여러 사업장으로 구성되어 있으며, 각각 경기도 수원시 영통구, 서울특별시 서초구, 서울특별시 서초구, 경기도 용인시 기흥구, 경기도 화성시, 경기도 평택시, 충청남도 천안시, 충청남도 아산시 배방읍, 충청남도 아산시 탕정면, 경상북도 구미시, 경상북도 구미시, 광주광역시 광산구에 소재하고 있습니다.",26.37,1.0,0.7843446048117629
Graph Hybrid,Tech Investor,디스플레이 패널이 뭐야?,"디스플레이 패널은 전자 장치에서 이미지나 정보를 표시하는 장치로, TV, 컴퓨터 모니터, 스마트폰 등 다양한 전자 기기에 사용됩니다. 삼성전자는 이 분야에서 사업을 영위하고 있으며, 디스플레이 패널의 개발 및 생산을 강화하기 위해 2023년에 eMagin Corporation에 100% 투자하는 등의 전략을 통해 경쟁력을 높이고 있습니다. 디스플레이 패널은 삼성전자의 주요 사업 부문 중 하나로, 이 회사는 기술적 우위를 강화하고 있습니다. 

디스플레이 패널은 다양한 기술을 포함하고 있으며, 삼성디스플레이(SDC)에서 OLED와 LCD와 같은 다양한 디스플레이 기술을 개발하고 생산하고 있습니다. OLED는 특히 스마트폰과 TV 산업에서 고품질 디스플레이를 제공하는 데 사용되며, 삼성전자는 이 기술을 통해 모바일 시장에서의 리더십을 유지하고 있습니다. 

결론적으로, 디스플레이 패널은 전자 제품에서 화면을 구성하는 중요한 부품이며, 삼성전자는 이 분야에서의 기술적 우위를 지속적으로 강화하고 있습니다.","이 문맥에서 디스플레이 패널은 SDC의 사업 항목으로 언급되고 있으며, 관련 생산 실적과 가동률이 제공되고 있습니다.",26.25,0.9230769230769231,0.8079008497495401
Graph Hybrid,Risk Manager,"가동 가능시간이란 무엇이고, 왜 중요한가요? 특히, 생산라인의 가동 시간과 관련해서 어떻게 계산되며, 어떤 의미를 가지나요?","가동 가능시간은 생산라인이 실제로 가동될 수 있는 시간을 의미합니다. 이는 생산 효율성을 평가하는 중요한 지표로, 생산 활동의 성과를 측정하는 데 필수적입니다. 가동 가능시간은 일반적으로 총 가동 시간에서 비가동 시간(예: 유지보수, 고장, 기타 중단 시간)을 제외하여 계산됩니다. 

가동 가능시간이 중요한 이유는 다음과 같습니다:

1. **생산성 향상**: 가동 가능시간이 높을수록 생산성이 증가합니다. 예를 들어, 12나노급 D램 기술을 도입하면 14nm D램에 비해 생산성이 20% 향상될 수 있습니다. 이는 가동 가능시간을 최대화하여 더 많은 제품을 생산할 수 있음을 의미합니다.

2. **비용 관리**: 가동 가능시간을 통해 운영 비용을 예측하고 관리할 수 있습니다. 비가동 시간이 많을 경우, 이는 추가 비용을 초래할 수 있으며, 따라서 가동 가능시간을 최적화하는 것이 중요합니다.

3. **성과 평가**: 가동 가능시간은 생산라인의 성과를 평가하는 데 중요한 역할을 합니다. 이를 통해 기업은 생산 효율성을 분석하고 개선할 수 있는 기회를 찾을 수 있습니다.

결론적으로, 가동 가능시간은 생산라인의 운영 효율성을 높이고, 비용을 절감하며, 전반적인 성과를 향상시키는 데 중요한 요소입니다.","가동 가능시간은 가동일에 생산라인 수와 24시간을 곱하여 산출한 시간으로, 실제 가동 시간과 비교하여 생산 효율성을 평가하는 데 사용됩니다. 이는 생산라인의 가동 상태를 파악하고, 잠재적 비즈니스 리스크나 규제 문제를 식별하는 데 중요한 지표입니다.",32.41,0.0625,0.940372963966522
Graph Hybrid,Risk Manager,Harman의 2025년(제57기) 3분기 가동률이 73.1%인 이유는 무엇인가요?,"Harman의 2025년 3분기 가동률이 73.1%인 이유에 대한 구체적인 정보는 제공된 지식 그래프에 명시되어 있지 않습니다. 그러나 Harman은 다양한 오디오 및 자동차 전자 제품을 개발하고 공급하는 조직으로, 2025년에는 연결된 자동차 제품과 소비자 오디오 솔루션을 포함한 여러 사업 부문에서 수익을 창출하고 있습니다. 

Harman의 가동률은 여러 요인에 의해 영향을 받을 수 있으며, 이는 생산 능력, 시장 수요, 공급망 상황 등과 관련이 있을 수 있습니다. 하지만 이러한 세부 사항은 제공된 정보에 포함되어 있지 않으므로, 정확한 이유를 알 수 없습니다.",Harman의 2025년(제57기) 3분기 가동률은 생산능력 대비 생산실적으로 산출하였으며 73.1%입니다.,19.53,1.0,0.0
Graph Hybrid,Risk Manager,"DX 부문이 2025년 3분기 동안 스마트폰 등 제품의 생산능력과 실제 생산량, 그리고 가동률이 어떻게 변화했는지에 대한 상세한 분석과 함께, 이러한 생산 실적이 잠재적인 비즈니스 리스크 또는 규제 문제에 어떤 영향을 미칠 수 있는지에 대해 설명해 주실 수 있나요?","Based on the information from the knowledge graph, here is a comprehensive answer regarding the production capacity, actual production volume, and utilization rates of Samsung Electronics' Device Experience (DX) division during the third quarter of 2025, along with potential business risks and regulatory issues.

### Production Capacity and Actual Production
1. **Production Capacity**: The DX division of Samsung Electronics has a capacity for smartphone production of **133,750 thousand units**. This figure indicates the maximum output the division can achieve under optimal conditions.

2. **Actual Production**: Unfortunately, the knowledge graph does not provide specific data on the actual production volume for the DX division during Q3 2025. Therefore, we cannot ascertain how much of the production capacity was utilized during this period.

3. **Utilization Rates**: Without the actual production figures, it is impossible to calculate the utilization rates for the DX division in Q3 2025. Utilization rates are typically derived from the ratio of actual production to production capacity, and this data is currently unavailable.

### Market Demand and Growth Projections
- The smartphone market is projected to experience a **slight recovery in 2023**, with further growth anticipated in **2024** and **2025**. This trend suggests that demand for smartphones, including those produced by Samsung, is expected to increase, which could positively influence production levels in the DX division.

### Potential Business Risks and Regulatory Issues
- **Intensified Competition**: The smartphone market is highly competitive, and Samsung faces challenges from other manufacturers. Increased competition could impact market share and pricing strategies, potentially affecting production decisions.

- **Global Economic Uncertainties**: Economic factors such as inflation, supply chain disruptions, and geopolitical tensions can influence consumer demand and production capabilities. These uncertainties may lead to fluctuations in production output and capacity utilization.

- **Regulatory Issues**: While the knowledge graph does not specify regulatory challenges, companies in the electronics sector often face scrutiny regarding compliance with environmental regulations, trade policies, and labor laws. Such regulations can impact production processes and costs.

### Conclusion
In summary, while the DX division of Samsung Electronics has a significant production capacity for smartphones, specific details regarding actual production volumes and utilization rates during Q3 2025 are not available. The anticipated growth in smartphone demand may positively influence production, but potential risks from competition and economic uncertainties could pose challenges. Regulatory issues may also impact production performance, although specific details on these aspects are not provided in the current data.","제공된 자료에 따르면, DX 부문의 스마트폰 등 제품은 2025년 3분기 생산능력은 201,950대이며, 실제 생산량은 161,012대입니다. 가동률은 79.7%로 나타나며, 이는 생산능력 대비 실제 가동 시간이 상당히 높은 수준임을 보여줍니다. 이러한 생산 실적은 잠재적 비즈니스 리스크 또는 규제 문제와 관련하여, 생산 능력과 실적의 차이, 가동률의 변화가 시장 수요와 공급, 규제 준수 여부에 영향을 미칠 수 있음을 시사합니다. 특히, 생산능력 대비 낮은 실제 생산량은 공급망 문제 또는 규제 준수 문제를 야기할 가능성을 내포하고 있으며, 이는 사업의 안정성과 성장 전망에 영향을 미칠 수 있습니다.",34.68,0.9130434782608695,0.0
Graph Hybrid,Financial Analyst,생산설비 및 투자 현황이 삼성전자의 생산과 영업 활동에 어떤 영향을 미치고 있나요?,"삼성전자의 생산설비 및 투자 현황은 회사의 생산과 영업 활동에 긍정적인 영향을 미치고 있습니다. 2023년 동안 삼성전자는 반기 매출 8,892,412 백만원을 기록하며 지속적인 성장을 이어가고 있으며, 이는 생산설비의 효율적인 운영과 기술 혁신에 기인합니다. 특히, 메모리 사업부의 가동률이 100%에 달하는 안정적인 성장은 생산성을 극대화하고 매출 증가에 기여하고 있습니다.

삼성전자는 R&D 투자와 해외 자회사의 매출 기록을 통해 글로벌 시장에서의 경쟁력을 유지하고 있으며, 이는 새로운 기술 개발과 제품 혁신에 대한 지속적인 노력을 반영합니다. 예를 들어, 삼성 덴마크 연구 센터와 여러 R&D 기관에서의 연구개발 비용은 기술 개발에 중요한 역할을 하고 있습니다. 또한, 2024년까지 267,463 백만원을 추가 투자할 계획이 있어, 이러한 투자는 생산설비의 현대화 및 기술 혁신을 통해 장기적인 성장 가능성을 높일 것으로 예상됩니다.

하만 인터내셔널의 인수와 관련된 전략적 투자는 오디오 시장에서의 입지를 더욱 공고히 하고 있으며, 이는 삼성전자의 생산 및 영업 활동에 긍정적인 영향을 미치고 있습니다. 하만의 다양한 브랜드를 통해 오디오 제품의 기술 개발과 출시가 지속되고 있으며, 이는 매출 성장의 기회로 작용할 수 있습니다.

그러나 각 지역의 경제적 불확실성과 경쟁사의 기술 발전은 리스크 요소로 작용할 수 있습니다. 예를 들어, 글로벌 반도체 시장의 경쟁 심화와 공급망 불안정성은 삼성전자의 생산 및 영업 활동에 부정적인 영향을 미칠 수 있습니다. 따라서 삼성전자는 이러한 리스크를 관리하고 기회를 최대한 활용하기 위한 전략적 대응이 필요합니다.

결론적으로, 삼성전자의 생산설비 및 투자 현황은 기술 혁신과 생산 효율성을 높이는 데 중요한 역할을 하며, 이는 매출 증가와 글로벌 시장에서의 경쟁력 강화를 위한 필수 요소로 작용하고 있습니다.","삼성전자는 수원사업장을 비롯하여 구미, 광주, 화성, 평택, 아산 등 국내사업장과 북미, 유럽, 중국 등 해외 DX 부문 산하 9개 지역총괄과 DS 부문 산하 5개 지역총괄, SDC 및 Harman 산하 종속기업에서 주요 제품의 생산, 개발, 마케팅, 영업 등의 사업 활동을 수행하고 있습니다.",46.66,1.0,0.8821862356340443
Graph Hybrid,Tech Investor,해외 (DX 부문 산하 9개 지역총괄)의 역할과 삼성전자의 성장 전략에서 어떤 중요성을 가지고 있나요?,"해외 (DX 부문 산하 9개 지역총괄)의 역할은 삼성전자의 글로벌 시장에서의 경쟁력을 강화하는 데 매우 중요한 요소로 작용하고 있습니다. 이 지역총괄들은 삼성전자가 다양한 지역에서 전자제품 및 오디오 제품의 생산과 판매를 확대하는 데 기여하며, 특히 Harman의 인수를 통해 오디오 시장에서의 입지를 더욱 공고히 하고 있습니다. 각 지역의 매출 기록은 삼성전자가 글로벌 시장에서의 성장을 추구하는 데 있어 지역총괄의 역할이 필수적임을 보여줍니다.

또한, 해외 지역총괄은 삼성전자의 R&D 투자와 글로벌 사업 확장에 중요한 영향을 미치고 있습니다. 이들은 유럽, 아시아, 중동 및 아프리카 지역에서의 전자제품 판매 및 연구개발 활동을 강화하고 있으며, 각 지역의 소비자 요구를 반영하여 제품 개발 및 마케팅 전략을 조정함으로써 삼성전자의 성장 전략에 기여하고 있습니다. 이러한 전략은 정치적 및 경제적 불확실성에 대응하기 위한 중요한 요소로 작용하고 있습니다.

특히, 동남아시아, CIS, 미주 지역에서의 사업 확장은 삼성전자가 새로운 시장을 탐색하고 매출을 증가시키는 기회를 제공합니다. 지역금융센터를 통해 재무위험과 환율변동 위험을 모니터링함으로써 글로벌 시장에서의 안정성을 높이는 기회를 창출하고 있습니다. 이러한 전략은 삼성전자의 지속적인 성장 가능성을 높이는 데 중요한 역할을 합니다.

결론적으로, 해외 (DX 부문 산하 9개 지역총괄)는 삼성전자의 성장 전략에서 필수적인 요소로 작용하며, 글로벌 시장에서의 경쟁력을 높이고 새로운 성장 기회를 창출하는 데 기여하고 있습니다.","해외 (DX 부문 산하 9개 지역총괄)는 북미, 유럽, 중국, 동남아 등 주요 지역을 담당하며, 삼성전자의 글로벌 시장 점유율 확대와 신제품 출시, R&D 투자에 중요한 역할을 하고 있습니다.",45.06,1.0,0.8639285898579793
Graph Hybrid,Tech Investor,"메모리라는 단어가 삼성전자의 DS 부문에서 어떤 역할을 하는지 모르겠는데, 이게 정확히 뭐야?","메모리는 삼성전자의 DS(디바이스 솔루션) 부문에서 매우 중요한 역할을 합니다. 이 부문은 메모리 반도체를 포함하여 다양한 반도체 제품을 생산하며, 특히 DRAM과 NAND Flash와 같은 메모리 제품은 삼성전자의 매출에서 큰 비중을 차지하고 있습니다. 

삼성전자는 메모리 제품의 시장 점유율을 높이기 위해 지속적으로 기술 혁신을 추구하고 있으며, HBM(High Bandwidth Memory)과 같은 차세대 메모리 기술 개발에 집중하고 있습니다. 2023년 3분기 기준으로, 메모리 사업부의 매출은 20조 원을 초과할 것으로 예상되며, 이는 전년 대비 15% 증가한 수치입니다. 이러한 성장은 메모리 제품의 판매가 크게 기여하고 있음을 나타냅니다.

또한, 메모리는 데이터 저장 및 처리에 필수적인 구성 요소로, 스마트폰, TV 등 다양한 전자 기기에 사용됩니다. 삼성전자는 메모리 기술을 통해 AI 및 클라우드 컴퓨팅과 같은 최신 기술의 발전에도 기여하고 있으며, 이는 메모리 수요의 지속적인 증가로 이어질 것으로 예상됩니다.

결론적으로, 메모리는 삼성전자의 DS 부문에서 핵심적인 제품군으로 자리잡고 있으며, 기술 혁신과 시장 경쟁력 강화를 위한 필수적인 요소로 작용하고 있습니다.","DS 부문의 메모리 사업은 24시간 3교대 작업을 실시하고 있으며, 2025년 3분기 가동일은 휴일을 포함하여 총 273일입니다. 가동률은 생산라인 별로 다르지만, 관련된 생산 실적과 가동률이 언급되어 있습니다.",61.98,1.0,0.8401949712489755
Graph Hybrid,Financial Analyst,가동 가능시간이 뭐에요?,"가동 가능시간은 특정 사업부나 시설이 운영되는 시간을 의미합니다. 예를 들어, 삼성전자의 메모리 사업부는 가동률이 100%에 달한다고 언급되어 있으며, 이는 해당 사업부가 최대 용량으로 운영되고 있다는 것을 나타냅니다. 이러한 높은 가동 가능시간은 안정적인 성장을 이어가고 있다는 긍정적인 지표로 해석될 수 있습니다. 

또한, 가동 가능시간은 전자 기기와 관련하여 배터리 용량과도 연결될 수 있습니다. 예를 들어, Galaxy Book4 Pro는 76Wh 배터리를 탑재하고 있으며, Galaxy Book5 Pro 360은 76.1Wh 배터리를 장착할 계획입니다. 일반적으로 배터리 용량이 클수록 가동 가능시간이 길어질 수 있습니다. 

따라서, 가동 가능시간은 사업 운영의 효율성과 전자 기기의 사용 가능성을 평가하는 중요한 지표입니다.","가동 가능시간은 가동일에 생산라인 수와 24시간을 곱해서 산출한 시간으로, 실제 가동 시간과 비교하여 계산됩니다.",24.89,0.8888888888888888,0.7849875697369838
Graph Hybrid,Risk Manager,가동률이 왜 중요한거야?,"가동률은 기업의 생산 효율성과 자원 활용도를 나타내는 중요한 지표입니다. 특히 삼성전자의 경우, 메모리 사업부의 가동률이 100%에 달하는 것은 생산 능력이 최대한 활용되고 있음을 의미하며, 이는 매출 증가와 안정적인 성장에 기여합니다. 높은 가동률은 기업이 시장 수요에 신속하게 대응할 수 있는 능력을 보여주며, 경쟁력을 강화하는 데 중요한 역할을 합니다. 

또한, 가동률은 기업의 재무 성과와 직결되므로 투자자와 경영진에게 중요한 분석 요소로 작용합니다. 따라서 가동률은 기업의 전반적인 성과와 전략적 결정에 큰 영향을 미치는 핵심 지표입니다.","가동률은 생산라인 별 가동 가능시간 대비 실제 가동 시간으로 산출하며, DS 부문의 메모리와 SDC의 디스플레이 패널 사업은 각각 100.0%의 가동률을 기록하였고, Harman의 디지털 콕핏은 73.1%입니다. 이는 생산능력 대비 실제 생산 실적을 보여주는 지표로, 잠재적 비즈니스 리스크와 규제 문제를 평가하는 데 중요한 역할을 합니다.",29.65,0.875,0.8149861824224841
Graph Hybrid,Risk Manager,가동률 및 생산실적이 왜 중요한가요?,"가동률 및 생산실적은 기업의 운영 효율성과 수익성을 직접적으로 반영하는 중요한 지표입니다. 특히 삼성전자의 경우, 높은 가동률은 생산 시설이 최대한 효율적으로 운영되고 있음을 나타내며, 이는 생산 비용 절감과 매출 증가로 이어집니다. 

1. **운영 효율성**: 높은 가동률은 생산 능력을 최대한 활용하고 있다는 것을 의미합니다. 이는 기업이 자원을 효율적으로 사용하고 있다는 것을 보여주며, 생산 비용을 절감하는 데 기여합니다.

2. **수익성 향상**: 생산실적이 좋을 경우, 기업의 매출과 이익이 증가하여 재무 구조가 안정적으로 유지될 수 있습니다. 삼성전자의 메모리 사업부는 전체 매출의 약 40%를 차지하며, 이 부문에서의 높은 가동률은 매출 증가에 직접적인 영향을 미칩니다.

3. **시장 경쟁력**: 높은 가동률과 생산실적은 기업이 시장의 수요에 신속하게 대응할 수 있는 능력을 향상시킵니다. 이는 고객의 요구에 빠르게 대응할 수 있는 능력을 높여, 시장 점유율을 확대할 기회를 제공합니다.

4. **기술 혁신 지원**: 가동률과 생산실적은 기술 혁신을 지원하는 데 필수적입니다. 삼성전자는 지속적인 기술 개발을 통해 경쟁력을 강화하고 있으며, 높은 생산실적은 이러한 기술 혁신을 가능하게 합니다.

5. **전략적 목표 달성**: 가동률과 생산실적은 기업의 전략적 목표 달성과 직결됩니다. 삼성전자는 반도체 및 모바일 사업 부문에서의 성장을 목표로 하고 있으며, 이러한 목표를 달성하기 위해서는 높은 가동률과 생산실적이 필수적입니다.

결론적으로, 가동률 및 생산실적은 삼성전자가 글로벌 시장에서 경쟁력을 유지하고 지속 가능한 성장을 이루는 데 필수적인 요소입니다.","가동률 및 생산실적은 생산능력 대비 실제 생산량을 보여주며, DX 부문의 TV, 모니터 등은 77.2%, 스마트폰 등은 79.7%의 가동률을 기록하고 있습니다. 이는 생산라인의 효율성과 잠재적 리스크를 평가하는 데 중요한 지표입니다.",43.28,1.0,0.8277223045560368
Graph Hybrid,Tech Investor,"삼성전자의 DS 부문과 SDC, Harman의 생산설비 및 투자 현황이 향후 시장 점유율과 신제품 출시 전략에 어떤 영향을 미칠 것으로 예상하십니까?","삼성전자의 DS(Device Solutions) 부문, SDC(Samsung Display Company), 그리고 Harman의 생산설비 및 투자 현황은 향후 시장 점유율과 신제품 출시 전략에 긍정적인 영향을 미칠 것으로 예상됩니다.

1. **DS 부문**: 삼성전자의 DS 부문은 반도체 및 메모리 시장에서의 매출 성장을 목표로 하고 있으며, 2023년 3분기 기준으로 반도체 부문 매출이 20조 원을 초과할 것으로 예상됩니다. 이는 전년 대비 15% 증가한 수치로, 시장 점유율을 높이는 데 긍정적인 영향을 미칠 것입니다. 특히, HBM(High Bandwidth Memory)과 같은 혁신적인 기술 개발에 집중하고 있어 신제품 출시 전략에도 긍정적인 영향을 미칠 것입니다. 그러나 글로벌 반도체 시장의 경쟁 심화와 중국 시장의 규제는 삼성전자의 성장에 위협 요소로 작용할 수 있습니다.

2. **SDC**: SDC는 OLED 및 디스플레이 패널 생산에 주력하고 있으며, 이러한 기술은 스마트폰 및 TV 시장에서의 경쟁력을 강화하는 데 중요한 역할을 합니다. SDC의 생산능력과 투자 현황은 새로운 제품 출시 전략에 기여할 것으로 보이며, 특히 OLED 패널의 수요 증가가 시장 점유율 확대에 긍정적인 영향을 미칠 것입니다.

3. **Harman**: Harman의 인수는 삼성전자가 오디오 및 커넥티드 서비스 부문에서의 점유율을 높이는 데 기여하고 있습니다. Harman의 다양한 브랜드와 기술 개발은 삼성전자의 오디오 제품 및 전자제품 생산에 긍정적인 영향을 미칠 것으로 예상됩니다. Harman의 글로벌 사업 확장과 매출 성장은 삼성전자의 경쟁력을 강화하는 중요한 요소로 작용할 것입니다.

4. **전략적 투자 및 협력**: 삼성전자는 DS 부문과 SDC, Harman 간의 협력을 통해 생산설비와 투자 현황을 최적화하고 있으며, 이는 신제품 출시 전략에 긍정적인 영향을 미칠 것입니다. 특히, 효율적인 구매팀 운영과 공급망 최적화는 원가 절감 및 매출 증대에 기여할 것으로 예상됩니다.

결론적으로, 삼성전자의 DS 부문, SDC, Harman의 생산설비 및 투자 현황은 향후 시장 점유율 확대와 신제품 출시 전략에 긍정적인 영향을 미칠 것으로 보입니다. 그러나 경쟁 심화와 글로벌 경제 불확실성 등의 리스크 요소도 존재하므로, 이러한 요소들을 고려한 전략적 접근이 필요합니다.","DS 부문의 메모리 사업과 SDC의 디스플레이 패널 사업은 24시간 3교대 작업을 실시하며, 2025년 제57기 3분기 가동률은 각각 100.0%로 나타나고 있습니다. Harman의 디지털 콕핏 생산능력은 6,146천개이며, 73.1%의 가동률을 기록하고 있습니다. 또한, 삼성전자는 수원, 구미, 광주, 화성, 평택, 아산 등 국내외 여러 사업장에서 주요 제품의 생산, 개발, 마케팅, 영업 활동을 수행하고 있으며, 이러한 생산설비와 투자 현황은 시장 점유율 확대와 신제품 출시 전략에 중요한 역할을 할 것으로 기대됩니다.",59.42,1.0,0.0
Graph Hybrid,Financial Analyst,해외 (DX 부문 산하 9개 지역총괄)의 역할과 중요성은 무엇입니까?,"해외 (DX 부문 산하 9개 지역총괄)의 역할과 중요성은 삼성전자의 글로벌 사업 확장과 R&D 투자에 깊이 연관되어 있습니다. 이 지역총괄들은 삼성전자가 유럽, 아시아, 중동 및 아프리카 지역에서 전자제품 판매 및 연구개발 활동을 강화하는 데 중요한 역할을 합니다. 특히, 각 지역에서의 매출 기록과 R&D 투자에 대한 지속적인 노력이 해외 총괄의 중요성을 부각시킵니다.

DX(Device eXperience) 부문은 다양한 전자 제품을 제공하는 중요한 사업 부문으로, 고객 경험을 향상시키고 지역별 시장의 요구에 맞춘 제품과 서비스를 제공함으로써 삼성전자의 전반적인 성장 전략에 기여하고 있습니다. 이 부문은 스마트폰과 TV 시장에서의 성장을 통해 매출을 증가시키고 있으며, 고성능 메모리 제품 및 AI 기술 개발을 통해 혁신을 주도하고 있습니다.

또한, 해외 총괄은 정치적 및 경제적 불확실성에 대응하는 전략적 역할을 수행하며, 각 지역의 경제적 불확실성이나 규제 변화에 따른 리스크를 관리하면서도 새로운 성장 기회를 창출할 수 있는 가능성을 가지고 있습니다. 따라서, 해외 총괄은 삼성전자의 글로벌 비즈니스 성공에 필수적인 요소로 작용하고 있습니다.","해외 (DX 부문 산하 9개 지역총괄)는 북미, 유럽, 중국, 동남아 등 4개 지역을 포함하며, 각각의 지역총괄은 해당 지역의 사업 운영과 전략을 담당하여 글로벌 시장에서의 삼성전자의 경쟁력을 강화하는 역할을 합니다.",35.61,1.0,0.8783569994874997
Graph Hybrid,Financial Analyst,디스플레이 패널이 뭐야 왜 중요한 거야 삼성전자에서?,"디스플레이 패널은 전자 기기에서 화면을 구성하는 핵심 부품으로, TV, 스마트폰, 컴퓨터 모니터 등 다양한 전자 제품에 사용됩니다. 이 패널은 시각 정보를 사용자에게 전달하는 중요한 역할을 하며, 그 품질과 기술력은 소비자 경험에 직접적인 영향을 미칩니다. 

삼성전자는 디스플레이 패널 분야에서 두드러진 성과를 보이고 있으며, 특히 삼성디스플레이를 통해 이 사업을 영위하고 있습니다. 디스플레이 패널의 품질과 혁신은 삼성전자의 경쟁력을 높이는 데 중요한 요소로 작용하고 있습니다. 예를 들어, 삼성전자는 Neo QLED 8K와 OLED TV와 같은 고급 디스플레이 패널을 개발하여 프리미엄 시장에서의 입지를 강화하고 있으며, AI 기술을 통해 화질을 개선하고 있습니다.

또한, 삼성전자는 2023년에 16조 원 이상의 매출을 기록하며, 디스플레이 패널 시장에서의 경쟁력을 더욱 강화하고 있습니다. 디스플레이 기술의 발전은 소비자 수요와 시장 경쟁에 큰 영향을 미치기 때문에, 삼성전자의 매출 성장과 시장 점유율 확대에 필수적인 요소로 작용하고 있습니다. 

결론적으로, 디스플레이 패널은 삼성전자의 제품 경쟁력과 글로벌 시장에서의 입지를 높이는 데 매우 중요한 역할을 하고 있습니다.","디스플레이 패널은 SDC 부문에서 생산하는 주요 제품으로, 1,361천대에서 1,759천대까지 생산되었으며, 가동률은 77.2%에서 79.7%입니다. 생산실적은 주요 제품의 연결 기준으로 산출되며, 디스플레이 패널은 삼성전자의 중요한 사업 분야입니다.",33.7,1.0,0.852273163107267
Graph Hybrid,Risk Manager,제57기 3분기 DX 부문의 매출 또는 생산량 변화는 무엇인가요?,"Based on the information available from the knowledge graph, I do not have specific details regarding the revenue or production volume changes for the DX (Device Experience) division of Samsung Electronics in the 3rd quarter of the 57th fiscal year (2025). The data indicates that the DX division achieved a revenue of 95 trillion 2,874 billion won in the first half of 2025, but there are no details provided about the performance in the 3rd quarter. Therefore, I cannot provide an answer to your question regarding the changes in sales or production volume for that specific period.","제57기 3분기 DX 부문은 TV, 모니터 등에서 32,843의 매출 또는 생산량을 기록하였으며, 이는 이전 기수인 제56기(41,354)와 제55기(40,085)와 비교할 때 변화가 있습니다.",33.22,1.0,0.0
Graph Hybrid,Tech Investor,SDC의 디스플레이 패널 사업 가동률 왜 낮아?,"Samsung Display Company's (SDC) display panel business is experiencing low operational rates, although specific reasons for this decline are not explicitly detailed in the available information. Several factors may contribute to this situation:

1. **Intense Global Competition**: The display panel market is highly competitive, which can pressure operational rates as companies strive to maintain market share and profitability.

2. **External Economic Factors**: Issues such as currency fluctuations and other economic uncertainties may impact SDC's operational efficiency and decision-making.

3. **Focus on Innovation**: SDC is reportedly concentrating on innovative product development, which may temporarily divert resources and attention from maximizing operational rates.

4. **Strategic Management**: The involvement of experienced executives in strategic planning suggests that SDC is aware of its operational challenges and is actively seeking solutions to improve efficiency.

While these factors provide some context, the exact reasons for the low operational rate remain unclear, and further information would be necessary to pinpoint specific challenges faced by SDC in its display panel business.","제공된 자료에 따르면, SDC의 디스플레이 패널 사업은 2025년 제57기 3분기 가동률이 100.0%로 나타나 있습니다. 따라서, 가동률이 낮다는 언급은 없으며, 실제 가동 시간과 가동 가능 시간이 일치하여 높은 가동률을 유지하고 있음을 알 수 있습니다.",29.64,0.9090909090909091,0.0
Graph Hybrid,Risk Manager,DX 부문이 2025년 3분기 가동률이 낮은 이유는 뭐야? 생산능력 대비 실제 생산량이 적어서 그런 거야?,"The DX division's low operational rate in the third quarter of 2025 is attributed to several factors. Firstly, the TV and smartphone markets are facing intensified competition, which may lead to reduced production rates. Additionally, there are risks associated with global economic uncertainty and trade wars that could further impact production capabilities. While it is suggested that the actual production volume may be lower than the production capacity, the specific details regarding the extent of this discrepancy are not provided in the available information. Therefore, while competition and economic factors are likely contributors, the exact reasons for the low operational rate remain somewhat unclear.","제공된 자료에 따르면, DX 부문의 2025년 3분기 가동률은 TV, 모니터 등이 77.2%, 스마트폰 등이 79.7%로 나타나 있으며, 이는 생산능력 대비 실제 생산량이 적기 때문에 낮은 가동률을 보이고 있습니다. 특히, TV, 모니터 등은 42,522대의 생산능력에 대해 32,843대만 생산되어 가동률이 77.2%이고, 스마트폰은 201,950대의 생산능력에 대해 161,012대만 생산되어 79.7%입니다. 이러한 낮은 가동률은 생산능력 활용도가 낮거나 공급망 문제, 생산 효율성 문제 등 잠재적 리스크와 관련이 있을 수 있습니다.",20.77,0.9,0.0
Graph Hybrid,Tech Investor,생산설비 및 투자 현황 등이 왜 중요한거야?,"생산설비 및 투자 현황은 기업의 성장 가능성과 경쟁력을 평가하는 데 매우 중요한 요소입니다. 삼성전자의 경우, 이러한 요소들은 다음과 같은 이유로 중요합니다:

1. **경쟁력 강화**: 생산설비의 효율적인 운영과 지속적인 투자는 기업이 시장에서 경쟁력을 유지하고 강화하는 데 필수적입니다. 삼성전자는 반도체 및 디스플레이 패널 사업에서 두드러진 성과를 보이고 있으며, 이는 생산설비의 현대화와 기술 혁신이 뒷받침되고 있음을 나타냅니다.

2. **매출 성장**: 생산설비와 투자 현황은 매출 증가와 직결됩니다. 삼성전자는 2023년 3분기 동안 메모리 사업부의 가동률이 100%에 달하며 안정적인 성장을 이어가고 있습니다. 이러한 성장은 생산설비의 효율성과 투자 현황에 크게 의존합니다.

3. **기술 혁신**: R&D 투자와 생산설비의 확장은 새로운 기술 개발과 제품 혁신을 촉진하여 시장에서의 경쟁력을 강화하는 데 기여합니다. 삼성전자는 2024년부터 2026년까지의 주주환원 정책과 연간 9.8조원의 정규 배당 계획을 통해 안정적인 재무 기반을 유지하고 있습니다.

4. **리스크 관리**: 생산설비와 투자 현황은 기업의 재무적 리스크 관리와 함께 안정적인 성장을 위한 필수적인 요소로 작용합니다. 글로벌 시장의 경쟁 심화와 공급망 불안정성 같은 리스크를 관리하기 위해서는 생산설비와 투자 현황을 면밀히 분석하고 조정하는 것이 필요합니다.

5. **미래 성장 가능성**: 생산설비와 투자 현황은 기업의 장기적인 전략과 비전을 반영하며, 시장에서의 위치를 강화하는 데 중요한 역할을 합니다. 삼성전자는 다양한 지역에서 전자제품 및 오디오 제품의 생산과 판매를 확대하고 있으며, 이는 미래 성장 산업에 대한 투자와 관련이 있습니다.

결론적으로, 생산설비 및 투자 현황은 삼성전자가 글로벌 전자 시장에서 성공적으로 경쟁하기 위한 전략적 요소로 작용하며, 기업의 재무 성과와 지속 가능한 성장 가능성을 높이는 데 필수적입니다.","생산설비 및 투자 현황 등은 생산과 영업에 중요한 시설 및 설비 등을 포함하며, 이는 주요 제품의 생산, 개발, 마케팅, 영업 활동에 영향을 미치기 때문에 중요합니다.",58.94,1.0,0.8771661580222254
Graph Hybrid,Tech Investor,"국내의 DX 부문, DS 부문, SDC 산하 12개 사업장은 어디에 위치해 있나요?","Samsung Electronics operates several key divisions and subsidiaries in South Korea, specifically within its DX (Device eXperience), DS (Device Solutions), and SDC (Samsung Display) divisions. Here are the locations of their major facilities:

1. **DX Division**: This division, which produces consumer electronics such as TVs, smartphones, and home appliances, is primarily based in Suwon, Korea. The headquarters of Samsung Electronics is located at 경기도 수원시 영통구 삼성로 129(매탄동).

2. **DS Division**: The DS division, responsible for semiconductor production including DRAM and NAND Flash, is also headquartered in Suwon, Korea, as part of Samsung Electronics.

3. **SDC (Samsung Display)**: This division specializes in display panels and is integrated within Samsung Electronics, with its operations located in Korea as well.

While the specific addresses of all 12 business sites under these divisions are not detailed in the provided information, it is clear that the main operations for these divisions are centralized in Suwon, Korea. Additional manufacturing facilities may exist in other locations, including Vietnam, but the primary headquarters and significant operations are in South Korea. 

If you need more specific details about each of the 12 business sites, that information is not available in the current knowledge graph.","국내에는 DX 부문, DS 부문, SDC 산하 12개 사업장이 있으며, 각각 수원사업장(경기도 수원시 영통구 삼성로 129), 서초사업장(서울특별시 서초구 서초대로74길 11), 우면사업장(서울특별시 서초구 성촌길 33), 기흥사업장(경기도 용인시 기흥구 삼성로 1), 화성사업장(경기도 화성시 삼성전자로 1), 평택사업장(경기도 평택시 삼성로 114), 천안사업장(충청남도 천안시 서북구 번영로 465), 온양사업장(충청남도 아산시 배방읍 배방로 158), 아산사업장(충청남도 아산시 탕정면 삼성로 181), 구미1사업장(경상북도 구미시 1공단로 244), 구미2사업장(경상북도 구미시 3공단3로 302), 광주사업장(광주광역시 광산구 하남산단6번로 107)에 위치해 있습니다.",23.72,0.8666666666666667,0.7890477865616328
Graph Hybrid,Financial Analyst,"DS 부문이란 무엇이고, 이 부문의 메모리 사업과 디스플레이 패널 사업의 생산 실적은 어떻게 되나요?","DS 부문은 삼성전자의 'Device Solutions'의 약자로, 반도체 및 디스플레이 사업 부문을 포함합니다. 이 부문은 특히 메모리 사업과 디스플레이 패널 사업에서 두드러진 성과를 보이고 있으며, 글로벌 전자 시장에서의 경쟁력을 높이기 위해 다양한 기술적 우위를 강화하고 있습니다.

메모리 사업에 대한 구체적인 생산 실적은 2023년 3분기 동안 844,630억 원의 매출을 기록하며, 가동률은 100%에 이릅니다. 이는 AI 서버 수요 증가와 같은 시장의 요구에 의해 뒷받침되고 있습니다. 

디스플레이 패널 사업에서는 2023년 매출이 16,009,547억 원에 달하며, TCL Technology Group Corporation과의 협력을 통해 경쟁력을 강화하고 있습니다. 또한, 2025년 3분기에는 스마트폰용 OLED 디스플레이 시장에서 51.8%의 점유율을 예상하고 있습니다.

따라서, DS 부문은 삼성전자의 핵심 사업 부문으로, 메모리 및 디스플레이 패널 사업에서 강력한 성과를 내고 있습니다.","DS 부문은 메모리 사업과 SDC의 디스플레이 패널 사업을 포함하며, 두 사업은 24시간 3교대 작업을 실시하고 있습니다. 2025년(제57기) 3분기 가동일은 휴일을 포함하여 총 273일이며, 생산능력 대비 실제 생산 대수와 가동률은 각각 메모리 사업의 경우 201,950대의 생산능력에 161,012대의 실제 생산과 79.7%의 가동률, 디스플레이 패널 사업의 경우 42,522대의 생산능력에 32,843대의 실제 생산과 77.2%의 가동률입니다.",31.37,1.0,0.8310693192860965
Graph Hybrid,Financial Analyst,가동 가능시간이 뭐야 왜 중요해?,"가동 가능시간은 특정 사업부나 생산 시설이 실제로 운영되고 있는 시간을 의미합니다. 이는 기업이 자원을 효율적으로 사용하고, 생산성을 극대화하여 수익을 증가시킬 수 있도록 도와주는 중요한 지표입니다. 예를 들어, 삼성전자의 메모리 사업부는 2023년 3분기 동안 가동률이 100%에 달했다고 언급되어 있으며, 이는 해당 사업부가 최대한의 생산 능력을 활용하고 있다는 것을 나타냅니다. 이러한 높은 가동 가능시간은 안정적인 매출 성장에 기여합니다.

가동 가능시간은 기업의 운영 효율성과 재무 성과에 직접적인 영향을 미치기 때문에 매우 중요합니다. 또한, 가동 가능시간은 노트북과 같은 전자 기기의 배터리 수명과도 관련이 있으며, 이는 사용자 경험에 중요한 요소로 작용합니다. 예를 들어, 삼성전자의 Galaxy Book4 Pro와 Galaxy Book5 Pro 360은 각각 76Wh와 76.1Wh의 배터리를 탑재하여 사용자가 장시간 동안 편리하게 사용할 수 있도록 설계되었습니다. 

결론적으로, 가동 가능시간은 기업의 생산성과 재무 성과를 높이는 데 중요한 역할을 하며, 사용자에게도 편리한 경험을 제공하는 요소입니다.","가동 가능시간은 가동일에 생산라인 수와 24시간을 곱해서 산출한 시간으로, 실제 가동 시간과 관련이 있습니다. 이는 생산 효율성과 재무 안정성을 평가하는 데 중요합니다.",26.08,1.0,0.8217158186388404
Graph Hybrid,Financial Analyst,"이 DS 부문의 메모리 사업이 100% 가동률을 기록했는데, 이게 왜 중요한지 모르겠어요? 이게 회사 재무에 어떤 영향이 있나요?","DS 부문의 메모리 사업이 100% 가동률을 기록하는 것은 삼성전자의 재무 성과에 매우 중요한 영향을 미칩니다. 가동률이 100%라는 것은 생산 시설이 최대 용량으로 운영되고 있음을 의미하며, 이는 여러 가지 긍정적인 효과를 가져옵니다.

1. **매출 증가**: 높은 가동률은 생산성이 극대화되고 있다는 것을 나타내며, 이는 매출 증가로 이어질 가능성이 큽니다. 메모리 사업은 삼성전자의 전체 매출에서 상당한 비중을 차지하고 있으며, 가동률이 높을수록 고객의 수요를 충족시키는 데 필수적입니다.

2. **비용 효율성**: 가동률이 높을수록 고정비용이 분산되어 단위당 생산비용이 감소하게 됩니다. 이는 영업이익률을 개선하는 데 기여할 수 있으며, 결과적으로 회사의 재무 건전성을 강화합니다.

3. **시장 경쟁력**: 100% 가동률은 삼성전자가 반도체 및 메모리 시장에서의 수요에 효과적으로 대응하고 있다는 것을 의미합니다. 이는 시장 점유율 확대와 직결되며, 경쟁력을 유지하는 데 중요한 요소입니다.

4. **기술 혁신과 품질 향상**: 높은 가동률은 기술 혁신과 품질 향상에도 기여할 수 있습니다. 삼성전자는 지속적인 기술 개발과 인재 육성을 통해 가동률을 높이고 있으며, 이는 장기적인 성장 가능성을 높이는 데 중요한 역할을 합니다.

5. **재무 성과에 긍정적 영향**: 메모리 사업의 100% 가동률은 삼성전자의 전체적인 재무 성과에 긍정적인 영향을 미치며, 특히 반도체 부문에서의 매출 성장을 지원합니다. 예를 들어, 2023년 3분기 동안 삼성전자는 메모리 사업부에서 844,630억 원의 매출을 기록했으며, 이는 회사의 재무 성과에 중요한 기여를 하고 있습니다.

결론적으로, DS 부문의 메모리 사업이 100% 가동률을 기록하는 것은 삼성전자의 생산 능력과 효율성을 극대화하고, 매출 증가 및 비용 절감, 시장 경쟁력 강화를 통해 회사의 재무 성과에 긍정적인 영향을 미치는 중요한 지표입니다.","DS 부문의 메모리 사업은 가동률이 100.0%로 나타나며, 이는 가동 가능 시간 대비 실제 가동 시간이 모두 활용되었음을 의미합니다. 이러한 높은 가동률은 생산 효율성을 보여주며, 회사의 재무 안정성과 매출 증대에 긍정적인 영향을 미칠 수 있습니다.",50.59,1.0,0.8732158367505856
Graph Hybrid,Financial Analyst,삼성전자의 DX 부문은 어떤 제품군에서 주로 어떤 실적을 보이고 있나요?,"삼성전자의 DX(Device eXperience) 부문은 주로 스마트폰, TV, 가전 제품, 그리고 고성능 메모리 및 반도체 기술에서 두드러진 실적을 보이고 있습니다. 

1. **스마트폰**: DX 부문은 Galaxy S24와 같은 혁신적인 스마트폰 제품군에서 성과를 내고 있으며, Galaxy S24는 AI폰으로 삼성의 기술 혁신을 상징합니다. 2024년에는 스마트폰 시장에서 12.3억 대의 성장이 예상되고 있습니다.

2. **TV**: 고급 TV 라인업인 Neo QLED 8K와 OLED TV에서 실적을 보이고 있으며, Neo QLED 8K는 8K AI Upscaling Pro 기술을 적용하여 화질을 개선하고 있습니다. 2025년 3월에는 QN900 모델이 출시될 예정입니다.

3. **가전 제품**: DX 부문은 에너지 효율성을 높인 냉장고와 세탁기 제품군에서도 성과를 보이고 있습니다. 특히, AI Energy Mode와 같은 혁신적인 기술을 적용하여 에너지 절감 효과를 극대화하고 있으며, 2024년 12월에는 24kg 용량의 그랑데 AI 세탁기를 출시할 예정입니다.

4. **메모리 및 반도체**: DX 부문은 메모리 및 반도체 기술에서도 성과를 보이고 있으며, 2024년 4월에는 9세대 V낸드의 양산이 시작될 예정입니다. 이러한 기술들은 AI 서버 수요 증가에 대응하여 새로운 매출원을 창출할 수 있는 기회를 제공합니다.

5. **기타 제품**: Galaxy Watch 시리즈와 Galaxy Buds3 Pro와 같은 웨어러블 기기에서도 성과를 보이고 있으며, 이들 제품은 건강 관리 기능과 프리미엄 오디오 경험을 제공합니다.

이와 같은 다양한 제품군에서 삼성전자의 DX 부문은 강력한 매출 성과를 기록하고 있으며, 2024년에는 매출액이 174.9조 원, 영업이익은 12.4조 원으로 예상되고 있습니다.","삼성전자의 DX 부문은 TV, 모니터 등과 스마트폰 등에서 각각 32,843대와 161,012대의 생산실적을 기록했으며, 가동률은 각각 77.2%와 79.7%입니다.",35.33,1.0,0.8507583954315538
Graph Hybrid,Tech Investor,"삼성전자의 DS 부문과 SDC, Harman의 생산설비 및 투자 현황이 시장 점유율과 신제품 출시, R&D 투자에 어떤 영향을 미치고 있는지 구체적으로 설명해 주실 수 있습니까?","삼성전자의 DS(Device Solutions) 부문, SDC(Samsung Display Company), 그리고 Harman의 생산설비 및 투자 현황은 시장 점유율, 신제품 출시, 그리고 R&D 투자에 중요한 영향을 미치고 있습니다.

1. **DS 부문**: 삼성전자의 DS 부문은 반도체 및 메모리 제품, 특히 DRAM과 NAND Flash를 생산하며, 2025년 반기 매출이 53조 61억원에 이를 것으로 예상됩니다. 이 부문은 고성능 메모리 제품인 HBM3E D램의 개발과 AI 기술의 접목을 통해 시장 경쟁력을 강화하고 있습니다. 또한, DS 부문은 효율적인 운영을 통해 원가 절감 및 공급망 최적화를 목표로 하고 있으며, 이는 매출 증대에 기여할 것으로 보입니다. 그러나 반도체 시장의 경쟁이 치열해짐에 따라 원자재 가격 상승 및 공급망 불안정성이 리스크로 작용할 수 있습니다.

2. **SDC**: SDC는 OLED 디스플레이 패널을 전문으로 하며, 2025년 3분기 스마트폰용 OLED 디스플레이 시장에서 51.8%의 점유율을 기록할 것으로 전망됩니다. SDC의 생산설비와 R&D 투자 현황은 신제품 출시와 기술적 우위를 확보하는 데 중요한 역할을 하고 있습니다. SDC는 Quantum Dot 기술을 활용하여 프리미엄 디스플레이를 개발하고 있으며, 이는 소비자에게 새로운 경험을 제공하고 경쟁력을 강화하는 데 기여하고 있습니다.

3. **Harman**: Harman은 삼성전자의 100% 자회사로, 오디오 및 커넥티드 서비스 부문에서의 경쟁력을 강화하는 중요한 요소입니다. Harman은 다양한 브랜드를 통해 오디오 제품 및 기술 개발을 지속하고 있으며, 이는 신제품 출시와 R&D 투자에 긍정적인 영향을 미칠 것으로 예상됩니다. Harman의 매출 증가와 글로벌 사업 확장은 삼성전자의 DS 부문과 SDC의 시장 점유율에 긍정적인 영향을 미치고 있습니다.

4. **R&D 투자**: 삼성전자는 2024년 R&D 투자 금액을 27조 원으로 설정하고 있으며, 이러한 투자는 새로운 기술 개발과 제품 혁신을 촉진하여 시장 점유율을 확대하는 데 기여할 것입니다. 특히, DS 부문과 SDC의 최신 반도체 및 디스플레이 기술 양산은 삼성전자가 글로벌 시장에서의 경쟁 심화 속에서도 지속 가능한 성장을 이루는 데 필수적입니다.

결론적으로, 삼성전자의 DS 부문, SDC, 그리고 Harman의 생산설비 및 투자 현황은 신제품 출시와 R&D 투자에 긍정적인 영향을 미치며, 이는 시장 점유율 확대와 경쟁력 강화에 기여하고 있습니다. 그러나 외부 요인인 환율 변동, 원자재 가격 상승, 그리고 각 지역의 경제적 불확실성은 리스크 요소로 작용할 수 있습니다.","DS 부문의 메모리 사업과 SDC의 디스플레이 패널 사업은 24시간 3교대 작업을 실시하고 있으며, 2025년 3분기 가동률은 각각 100.0%로 나타납니다. Harman의 2025년 3분기 가동률은 73.1%입니다. 또한, 삼성전자는 수원, 구미, 광주, 화성, 평택, 아산 등 국내외 여러 사업장에서 주요 제품의 생산, 개발, 마케팅, 영업 활동을 수행하고 있으며, 이러한 생산설비와 투자 현황은 시장 점유율 확대와 신제품 출시, R&D 투자에 중요한 역할을 하고 있습니다.",45.07,1.0,0.9183914277374265
Graph Hybrid,Tech Investor,해외 (DX 부문 산하 9개 지역총괄)의 역할과 성장 잠재력은 무엇입니까?,"해외 (DX 부문 산하 9개 지역총괄)의 역할은 삼성전자의 글로벌 시장에서의 입지를 강화하고 다양한 전자 제품을 제공하는 것입니다. DX 부문은 소비자 경험을 중시하며, 지역별로 맞춤형 제품과 서비스를 제공하여 시장 점유율을 확대하는 데 기여하고 있습니다. 이러한 해외 자회사는 100% 지분을 보유하고 있어 안정적인 수익 구조를 유지하며, 글로벌 시장에서의 입지를 강화하는 데 중요한 역할을 합니다.

성장 잠재력 측면에서, 삼성전자는 신기술 및 신물질 관련 특허권을 확보하고 있으며, 이를 통해 새로운 시장 기회를 창출할 수 있는 가능성이 큽니다. 특히, 커넥티드 서비스와 오디오 제품의 수요 증가에 따라 새로운 성장 기회를 창출할 수 있는 가능성이 높습니다. 또한, 글로벌 전자 시장의 경쟁이 치열해짐에 따라, DX 부문은 혁신적인 제품 개발과 고객 맞춤형 솔루션 제공을 통해 지속적인 성장을 도모할 수 있습니다.

재무 성과와 관련하여, DX 부문은 2025년 상반기에 95조 2,874억 원의 수익을 달성했으며, 스마트폰 시장의 성장과 TV 부문에서의 28.9% 시장 점유율 예상은 DX 부문이 상당한 성장 가능성을 가지고 있음을 시사합니다. 이러한 요소들은 해외 사업장들이 삼성전자의 전체 성과와 경쟁력에 기여하고 있음을 보여줍니다. 

결론적으로, DX 부문 산하의 해외 지역총괄은 삼성전자의 글로벌 전략에서 중요한 역할을 하며, 다양한 시장에서의 맞춤형 접근과 혁신을 통해 지속적인 성장 잠재력을 가지고 있습니다.","해외 (DX 부문 산하 9개 지역총괄)는 북미, 유럽, 중국, 동남아 등 다양한 지역을 총괄하며, 시장 점유율 확대와 신제품 출시, R&D 투자 등을 통해 성장 잠재력을 가지고 있습니다.",39.42,1.0,0.8460449410810089
Graph Hybrid,Tech Investor,DS 부문의 메모리 사업이 시장에서 어떤 성장 잠재력을 가지고 있다고 생각하십니까?,"The memory business within Samsung Electronics' Device Solutions (DS) division exhibits significant growth potential in the market, driven by several key factors:

1. **Strong Financial Performance**: In the third quarter of 2023, the DS division reported impressive revenues of approximately 76 trillion KRW, with the memory segment contributing significantly to this figure. The memory products' sales increased by 15% year-on-year, indicating robust demand and effective market strategies.

2. **Technological Advancements**: Samsung is actively developing high-performance memory products, including HBM3E DRAM and GDDR7 DRAM, which are expected to support the growing needs of AI and high-performance computing (HPC) markets. The upcoming mass production of advanced technologies, such as the 9th generation V-NAND and 10nm DRAM, further positions Samsung to capitalize on market trends.

3. **AI and Market Demand**: The integration of AI technologies is driving demand for server memory, which is crucial for data centers and AI applications. This trend is expected to sustain and potentially increase the demand for DRAM and NAND products, enhancing the growth prospects of the memory business.

4. **Strategic Investments**: Samsung's commitment to R&D, with an annual investment of around 5 trillion KRW in memory solutions, reflects its focus on innovation and maintaining a competitive edge in the semiconductor market. This investment is aimed at developing next-generation memory technologies that can meet evolving market needs.

5. **Market Positioning**: The DS division's memory business accounts for about 40% of Samsung's overall revenue, highlighting its importance to the company's financial health. The division's leadership, including experienced executives, is focused on enhancing product quality and technological capabilities, which is essential for sustaining growth in a competitive landscape.

6. **Challenges and Risks**: While the growth potential is strong, the memory business faces challenges such as intensified competition in the semiconductor market and potential regulatory issues in key markets like China. Continuous monitoring of market dynamics and proactive strategies will be necessary to navigate these risks.

In summary, the DS division's memory business is well-positioned for growth, supported by strong financial performance, technological innovation, and strategic investments. However, it must remain vigilant against competitive pressures and market fluctuations to fully realize its potential.","DS 부문의 메모리 사업은 24시간 3교대 작업을 실시하고 있으며, 2025년 3분기 가동률은 휴일을 포함하여 총 273일입니다. 이는 생산라인 별 가동률이 높음을 보여주며, 시장에서 성장 잠재력을 갖추고 있다고 볼 수 있습니다.",48.18,1.0,0.8598047865190966
Graph Hybrid,Risk Manager,제57기 3분기와 이전 기수들의 생산라인 수는 어떻게 변화했나요?,"Based on the knowledge graph, there is no specific information regarding the changes in the number of production lines for the 57th fiscal year third quarter compared to previous periods. The data provided does not include details about production line counts or any specific metrics related to production capacity over time. Therefore, I cannot provide an answer to your question regarding the changes in production lines.","제57기 3분기에는 생산라인 수가 명시되어 있지 않지만, 제56기와 제55기에는 각각 41,354개와 40,085개로 나타나 있습니다. 따라서 생산라인 수는 이전 기수들 간에 약간의 변동이 있었음을 알 수 있습니다.",22.59,0.75,0.0
Graph Hybrid,Tech Investor,삼성전자의 DS 부문의 메모리 사업이 시장에서 어떤 성장 잠재력을 가지고 있다고 생각하십니까?,"삼성전자의 DS(Device Solutions) 부문의 메모리 사업은 상당한 성장 잠재력을 가지고 있습니다. 2023년 3분기 기준으로 메모리 제품의 매출이 전년 대비 15% 증가하여 20조 원에 달할 것으로 예상되며, 이는 삼성전자의 전체 매출에서 약 40%를 차지하고 있습니다. 이러한 성장은 AI 및 클라우드 컴퓨팅의 수요 증가에 힘입어 지속될 것으로 보입니다.

삼성전자는 차세대 DRAM 및 NAND Flash 기술 개발에 집중하고 있으며, 2024년에는 새로운 10nm급 DRAM 제품을 출시할 계획입니다. 또한, HBM(High Bandwidth Memory)과 같은 혁신적인 메모리 제품의 개발을 통해 시장에서의 경쟁력을 더욱 강화하고 있습니다. 이러한 기술 혁신은 메모리 사업의 성장 가능성을 높이는 중요한 요소로 작용할 것입니다.

그러나 글로벌 반도체 시장의 경쟁 심화와 공급망 불안정성은 리스크로 작용할 수 있습니다. 특히, 중국 시장의 규제와 같은 외부 요인도 성장에 위협이 될 수 있습니다. 그럼에도 불구하고, 삼성전자는 Tsinghua University와의 협력 관계를 통해 인재 확보 및 기술 개발에 대한 기회를 모색하고 있으며, 이는 긍정적인 성장 전망을 제시합니다.

결론적으로, 삼성전자의 DS 부문의 메모리 사업은 기술 혁신과 시장 점유율 확대 전략을 통해 앞으로도 지속적인 성장이 기대되며, AI 및 고성능 컴퓨팅(HPC) 시장에서의 수요 증가가 이를 뒷받침할 것으로 보입니다.","제공된 컨텍스트에는 DS 부문의 메모리 사업의 성장 잠재력에 대한 구체적인 내용이 포함되어 있지 않습니다. 다만, DS 부문의 메모리 사업은 24시간 3교대 작업을 실시하며, 2025년 제57기 3분기 가동률이 100.0%로 매우 높은 수준임을 알 수 있습니다.",44.8,0.9285714285714286,0.8782151424794974
Graph Hybrid,Tech Investor,DX 부문이 성장할 가능성 있나요?,"Yes, the DX (Device eXperience) division of Samsung Electronics shows significant potential for growth. Several factors contribute to this positive outlook:

1. **Revenue Growth**: The DX division achieved a revenue of 95 trillion won in the first half of 2025, indicating strong financial performance. Additionally, projected sales for the DX division are expected to reach 174.9 trillion won with an operating profit of 12.4 trillion won for 2024.

2. **Market Trends**: The smartphone market is anticipated to grow, with an expected increase of 1.23 billion units in 2025. Samsung is also projected to capture a market share of 28.9% in the TV sector, further enhancing the growth potential of the DX division.

3. **Technological Integration**: The integration of AI technology into products, such as the upcoming Galaxy S24 smartphone, is expected to enhance market competitiveness. Samsung's commitment to R&D, with an investment of 27 trillion won in 2024, supports innovation in the DX sector.

4. **Product Diversification**: The DX division produces a wide range of consumer electronics, including TVs, smartphones, refrigerators, and home appliances. This diversification allows Samsung to cater to various market segments and consumer needs.

5. **Strategic Initiatives**: Samsung's acquisition of a stake in Rainbow Robotics and its focus on digital transformation solutions, such as B2B Smart Signage, indicate a strategic direction aimed at enhancing growth in the DX sector.

6. **Challenges and Risks**: While the outlook is positive, there are risks associated with market volatility and competition, particularly in the semiconductor and electronics sectors. Recent declines in stock prices could also impact future strategies.

In summary, the DX division of Samsung Electronics is well-positioned for growth, driven by strong revenue performance, market trends, technological advancements, and strategic initiatives, despite some inherent risks.","제공된 자료에는 DX 부문의 생산실적과 가동률이 포함되어 있으며, TV, 모니터 등은 77.2%, 스마트폰 등은 79.7%의 가동률을 기록하고 있습니다. 이 수치는 DX 부문의 생산능력 대비 실제 생산량을 보여주며, 시장 점유율이나 신제품 출시와 관련된 구체적인 성장 잠재력에 대한 정보는 포함되어 있지 않습니다.",51.2,1.0,0.8824535081020128
Graph Hybrid,Tech Investor,"이 DS 부문의 메모리 사업과 SDC 디스플레이 패널 사업이 24시간 3교대 작업을 하는데, 2025년 3분기 가동일이 273일이면, 이게 생산 능력이나 시장 점유율에 어떤 영향이 있나요?","삼성전자의 DS(Device Solutions) 부문과 SDC(Samsung Display Company) 디스플레이 패널 사업은 24시간 3교대 작업 체제를 통해 생산 능력을 극대화하고 있습니다. 2025년 3분기 가동일이 273일이라는 것은 연간 가동일 수에 비해 상당히 높은 수치로, 이는 생산량 증가로 이어져 시장에서의 공급 능력을 강화하고, 결과적으로 시장 점유율 확대에 기여할 수 있습니다.

특히, DS 부문의 메모리 사업은 AI 및 클라우드 컴퓨팅의 성장으로 인해 메모리 수요가 증가하고 있으며, 이는 HBM3E D램과 같은 고성능 메모리 제품의 생산에 긍정적인 영향을 미칠 것입니다. SDC의 경우, 2025년 3분기 스마트폰용 OLED 디스플레이 시장 점유율이 51.8%로 예상되며, 높은 가동일 수는 이러한 시장 점유율을 유지하거나 확대하는 데 기여할 수 있습니다.

그러나, 경쟁 심화와 같은 리스크 요소도 존재합니다. 글로벌 전자 시장에서의 경쟁이 치열해짐에 따라, 이러한 생산 능력 증대가 반드시 시장 점유율 증가로 이어질지는 여러 외부 요인에 따라 달라질 수 있습니다. 따라서, 삼성전자는 지속적인 기술 혁신과 효율적인 생산 관리를 통해 시장 점유율을 확보하고, 외부 리스크에 대한 관리도 병행해야 할 것입니다. 

결론적으로, 2025년 3분기 가동일이 273일인 것은 생산 능력과 시장 점유율에 긍정적인 영향을 미칠 것으로 예상되지만, 경쟁 상황과 외부 요인에 따라 그 결과는 달라질 수 있습니다.","DS 부문의 메모리 사업과 SDC의 디스플레이 패널 사업은 24시간 3교대 작업을 실시하고 있으며, 2025년(제57기) 3분기 가동일은 휴일을 포함하여 총 273일입니다. 가동률은 생산라인별 가동 가능시간 대비 실제 가동 시간으로 산출하였으며, 각각 100.0%입니다.",64.97,1.0,0.0
Graph Hybrid,Financial Analyst,"삼성전자의 국내 (DX 부문, DS 부문, SDC 산하 12개 사업장) 지역에 위치한 각 사업장의 구체적인 소재지와 그들이 담당하는 역할 또는 특징은 무엇인가요?","삼성전자는 한국에 본사를 두고 있으며, 여러 사업 부문(DX 부문, DS 부문, SDC)과 함께 다양한 사업장을 운영하고 있습니다. 각 부문의 주요 역할과 특징은 다음과 같습니다:

1. **DX 부문 (Device eXperience Division)**:
   - **소재지**: 경기도 수원시 영통구 삼성로 129(매탄동) 본사 및 여러 생산 시설.
   - **역할 및 특징**: 소비자 전자제품을 생산하며, 주요 제품으로는 TV, 스마트폰, 냉장고, 세탁기, 에어컨 등이 있습니다. DX 부문은 삼성전자의 전체 매출의 62%를 차지하며, 디지털 전환을 위한 R&D 및 디자인 부서를 포함하고 있습니다.

2. **DS 부문 (Device Solutions Division)**:
   - **소재지**: 경기도 화성시 삼성전자 반도체 단지 및 기타 반도체 생산 시설.
   - **역할 및 특징**: 반도체 제품을 생산하며, DRAM, NAND Flash, 모바일 AP 등을 포함합니다. DS 부문은 전체 매출의 34.5%를 차지하며, 메모리 생산 능력은 1,019,233,649 단위에 달합니다.

3. **SDC (Samsung Display Corporation)**:
   - **소재지**: 경기도 아산시 및 기타 디스플레이 패널 생산 시설.
   - **역할 및 특징**: OLED 및 LCD 디스플레이 패널을 개발하고 생산합니다. SDC는 전체 매출의 8%를 차지하며, 스마트폰용 OLED 패널과 같은 프리미엄 디스플레이 기술을 사용합니다.

각 사업장은 삼성전자의 글로벌 전자 비즈니스에서 중요한 역할을 하며, 혁신과 연구 개발을 통해 시장에서의 경쟁력을 유지하고 있습니다.","국내 지역에는 수원사업장(경기도 수원시 영통구 삼성로 129), 서초사업장(서울특별시 서초구 서초대로74길 11), 우면사업장(서울특별시 서초구 성촌길 33), 기흥사업장(경기도 용인시 기흥구 삼성로 1), 화성사업장(경기도 화성시 삼성전자로 1), 평택사업장(경기도 평택시 삼성로 114), 천안사업장(충청남도 천안시 서북구 번영로 465), 온양사업장(충청남도 아산시 배방읍 배방로 158), 아산사업장(충청남도 아산시 탕정면 삼성로 181), 구미1사업장(경상북도 구미시 1공단로 244), 구미2사업장(경상북도 구미시 3공단3로 302), 광주사업장(광주광역시 광산구 하남산단6번로 107)이 있으며, 각각의 소재지는 지역별로 다르지만 모두 삼성전자의 핵심 사업장으로서 다양한 역할을 수행하고 있습니다. 해외 지역에는 북미, 유럽, 중국, 동남아 등 9개 지역 총괄이 있으며, 각각 미국 뉴저지, 영국 서리, 중국 베이징, 싱가포르에 위치해 있습니다.",44.53,1.0,0.8281045808680499
Graph Hybrid,Tech Investor,DS 부문이 메모리 사업과 디스플레이 패널 사업에 어떤 역할을 하는지 알 수 있나요?,"Samsung Electronics' Device Solutions (DS) division plays a crucial role in both the memory business and the display panel business. This division is integral to the development and production of high-performance memory products, including DRAM and NAND flash memory, which are essential for various applications, particularly in the growing AI server market. The DS division has achieved significant sales figures, with projections indicating it will generate approximately 53 trillion won in revenue for the first half of 2025, highlighting its importance to Samsung's overall financial performance.

In the memory sector, the DS division is involved in producing advanced memory technologies such as HBM3E DRAM and high-capacity DDR5 memory, which are critical for meeting the increasing demand for high-performance computing and data center projects. The division's strategic marketing efforts and focus on innovation have helped maintain Samsung's competitive edge in the memory semiconductor market.

Additionally, the DS division is also pivotal in the display panel business, particularly through its subsidiary, Samsung Display. The division is expected to capture a significant market share in smartphone OLED displays, projected at 51.8% by the third quarter of 2025. This indicates that the DS division not only contributes to the production of display technologies but also enhances the overall quality and performance of Samsung's display products.

Overall, the DS division's strategic initiatives in both memory and display technologies are essential for driving Samsung's market competitiveness and future growth in these sectors.","DS 부문의 메모리 사업과 SDC의 디스플레이 패널 사업은 24시간 3교대 작업을 실시하고 있으며, 2025년(제57기) 3분기 가동일은 휴일을 포함하여 총 273일입니다.",45.8,1.0,0.8452114057698549
Graph Hybrid,Financial Analyst,가동 가능시간이 뭐야?,"가동 가능시간은 특정 사업부의 운영 효율성을 나타내는 지표로, 주로 기업의 생산 능력과 관련이 있습니다. 예를 들어, 삼성전자의 메모리 사업부는 2023년 3분기 동안 가동률이 100%에 달했으며, 이는 해당 사업부가 최대한의 생산 능력을 활용하고 있다는 것을 의미합니다. 가동 가능시간은 기업이 자원을 얼마나 효율적으로 사용하고 있는지를 평가하는 데 중요한 역할을 합니다. 

또한, 가동 가능시간에 영향을 미치는 요소 중 하나로 배터리 용량이 언급될 수 있습니다. 예를 들어, Galaxy Book4 Pro는 76Wh 배터리를 탑재하고 있으며, Galaxy Book5 Pro 360은 76.1Wh 배터리를 장착할 계획입니다. 이러한 배터리 용량은 제품의 가동 가능시간에 직접적인 영향을 미칠 수 있습니다. 

따라서, 가동 가능시간은 기업의 생산성과 효율성을 평가하는 중요한 지표이며, 다양한 요소에 의해 영향을 받을 수 있습니다.","가동 가능시간은 가동일에 생산라인 수와 24시간을 곱해서 산출한 시간으로, 실제 가동 시간과 비교하여 생산성을 평가하는 데 사용됩니다.",32.36,1.0,0.7681655752792822
Graph Hybrid,Tech Investor,"Harman의 가동률이 73.1%라고 하는데, 이게 가동률 맞아?","Harman's production rate for digital cockpit systems is reported to be 73.1%. This figure indicates the operational efficiency or utilization rate of their production capabilities specifically for this product line. However, the context does not provide additional details to confirm whether this percentage is considered a standard or optimal rate within the industry. Therefore, based on the knowledge graph, it can be stated that Harman's production rate is indeed 73.1%, but further context is needed to assess its adequacy or performance relative to industry benchmarks.",Harman의 2025년(제57기) 3분기 가동률은 생산능력 대비 생산실적으로 산출하였으며 73.1%입니다.,21.02,0.8,0.0
Graph Hybrid,Tech Investor,DS 부문의 성장 잠재력은 무엇입니까?,"Samsung Electronics' Device Solutions (DS) division exhibits significant growth potential driven by several key factors:

1. **Revenue Growth**: The DS division is projected to achieve substantial revenue increases, with estimates suggesting it could generate over 53 trillion won by 2025. This growth is largely attributed to the development of high-performance memory products and the integration of AI technologies.

2. **Innovative Product Development**: The upcoming launch of advanced memory products, such as HBM3E DRAM and GDDR7 DRAM, is expected to enhance market competitiveness. These innovations are crucial for meeting the rising demand in sectors like AI and high-performance computing.

3. **Strategic Collaborations**: Partnerships, such as those with TCL Technology Group and eMagin Corporation, are enhancing the DS division's capabilities in display technology and semiconductor production. These collaborations are anticipated to drive technological advancements and market share expansion.

4. **Market Demand**: The increasing demand for memory solutions in data centers and AI applications is a significant growth driver. The DS division is well-positioned to capitalize on this trend, especially with the anticipated growth in AI server demand.

5. **Operational Efficiency**: The division's focus on optimizing supply chains and cost management is expected to contribute positively to revenue growth. Efficient operations can mitigate risks associated with raw material price fluctuations and supply chain disruptions.

6. **R&D Investments**: Samsung's commitment to investing heavily in research and development (approximately 27 trillion won in 2024) underscores its focus on innovation, which is critical for sustaining growth in the competitive semiconductor market.

7. **Global Market Expansion**: The DS division is also targeting growth in emerging markets, which presents additional opportunities for revenue generation and market penetration.

However, it is important to note that the DS division faces challenges, including global economic uncertainties, trade tensions, and intense competition in the semiconductor market. These factors could impact its growth trajectory. Overall, the combination of innovative product development, strategic partnerships, and a strong focus on R&D positions the DS division for significant growth in the coming years.","제공된 자료에 따르면, DS 부문은 메모리 사업이 1,638,875,991 단위로, 24시간 3교대 작업을 실시하며, 2025년 제57기 3분기 가동률은 79.7%입니다. 또한, 디스플레이 패널 사업도 중요한 부분으로, 1,361 단위의 생산실적을 기록하고 있습니다. 이러한 생산능력과 가동률은 DS 부문의 성장 잠재력을 보여줍니다.",70.65,1.0,0.8338627559344248
Graph Hybrid,Financial Analyst,DS 부문이란 무엇인가요?,"DS 부문은 삼성전자의 'Device Solutions' 부문을 의미하며, 주로 반도체 및 관련 기술을 다루는 사업 부서입니다. 이 부문은 DRAM, NAND Flash, 모바일 애플리케이션 프로세서(Mobile AP)와 같은 메모리 제품을 생산하고 있으며, 반도체 기술 개발과 마케팅 전략을 통해 글로벌 시장에서의 경쟁력을 강화하고 있습니다.

DS 부문은 삼성전자의 전체 매출에서 중요한 기여를 하고 있으며, 2023년 3분기 기준으로 반도체 부문 매출이 20조 원을 초과할 것으로 예상되며, 이는 전년 대비 15% 증가한 수치입니다. 이 부문은 효율적인 자원 배분과 비용 관리를 통해 매출 증가에 기여하고 있으며, 특히 AI 기술과의 접목을 통해 고성능 메모리 제품의 개발에 중점을 두고 있습니다.

또한, DS 부문은 다양한 기획팀과 임원들이 협력하여 시장 점유율을 높이고, 새로운 기술 개발과 제품 혁신을 통해 지속 가능한 성장 기회를 모색하고 있습니다. 이 부문은 삼성전자의 반도체 및 디스플레이 사업을 포함하여, 고객 만족도를 높이고 매출 증대에 기여하는 데 중요한 역할을 하고 있습니다.","DS 부문은 메모리 사업을 포함하며, 24시간 3교대 작업을 실시하고 있고, 2025년 3분기 가동일은 휴일을 포함하여 총 273일입니다. 또한, 생산능력 대비 실제 생산 대수와 가동률이 언급되어 있습니다.",49.39,1.0,0.830909639162997
